"ITCS ""Maria Lazzari"" - Catalogo delle sabbie",,,,,,,ultimo aggiornamento : 16/07/2019,,,,,,
N.,Provenienza geografica,,,,,,,tipologia,Anno raccolta,Scambio,Peculiarità ,Latitudine,Longitudine
,Località - spiaggia         X = Report,Provincia,Isole,Regione,Bacino - oceano - mare -deserto-altro,Nazione,Continente,Marina - lacustre fluviale -desertica vulcanica- glaciale eolica -  altro,,Si-No,,,
1,Death Valley,,,,Oceano Pacifico,California,USA,Eolica - Desertica,2008,No,,,
2,El Matador Malibù,,,,Oceano Pacifico,California,USA,Marina,2009,No,,,
3,Great Basin Divid,,,,,"Wyoming, USA",North America,Eolica-Desertica,2004,No,,,
4,Hig Rock,,Bahamas,Grand Bahama,Oceano Atlantico,,USA,Marina,2008,No,,,
5,Hyannis,Cape Cod,,,Oceano Atlantico,,USA,Marina,2008,No,,,
6,Key's Arcipelago,,,Florida,Oceano Atlantico,,USA,Marina,2008,No,,,
7,Limantour Beach,San Francisco,,Point Reyes National Seashore,Oceano Pacifico,California,North America,Marina,2001,No,,,
8,Marconi site,Cape Cod,,,Oceano Atlantico,Massachusetts,USA,Marina,2008,No,,,
9,Miami Beach,,,Florida,Oceano Atlantico,,USA,Marina,2008,No,,,
10,Paradise Cove,,Bahamas,Grand Bahama,Oceano Atlantico,,USA,Marina,2008,No,,,
11,Sand Beach ,,,Acadia National Park,Oceano Atlantico,,USA,Marina,2008,No,,,
12,Sandwich,Cape Cod,,,Oceano Atlantico,,USA,Marina,2008,No,,,
13,Santa Monica,,,,Oceano Pacifico,California,USA,Marina,2009,No,,,
14,Taino Beach,,Bahamas,Grand Bahama,Oceano Atlantico,,USA,Marina,2008,No,,,
15,The Sand Dunes,Stovepipe Wells,,Death Valley,Oceano Pacifico,California,USA,Eolica - Desertica,2001,No,,,
16,Cancun,,,Quintana Roo,Mar dei Caraibi,Mexico,Central America,Marina,1994,No,,,
17,Akumal,,,Quintana Roo,Mar dei Caraibi,Mexico,Central America,Marina,2006,Si poca,,,
18,Isola di Saona,,Caraibi,Santo Domingo,Mar dei Caraibi,Repubblica Dominicana,Central America,Marina,2008,No,,,
19,Puerto Cabello,,,Estado Carabobo,Mar dei Caraibi,Venezuela,America Sud,Marina,2008,No,,,
20,                 ?,, Margarita,,Mar dei Caraibi,Venezuela,America Sud,Marina,2008,No,,,
21,Cayo Paila,Tucacas,,Estado Falcon,Mar dei Caraibi,Venezuela,America Sud,Marina,2008,No,,,
22,Ourzazate-Marrakech - duna Sahara,,,,Sahara ,Marocco,Africa,Eolica-Desertica,1999,No,,,
23,Mahdia X,,,,Mare Mediterraneo,Tunisia,Africa,Marina,1992,No,,,
24,Deserto Sahara,,,,Sahara ,Marocco,Africa,Eolica-Desertica,2008,No,,,
25,Durban,,,,Oceano Indiano,SudAfrica,Africa,Marina,2008,No,,,
26,Namib  Duna 45 (1)X,,,,Deserto,SudAfrica,Africa,Eolica-Desertica,2008,No,,,
27,Naama,,,,Mar Rosso,Egitto,Africa,Marina,2008,No,,,
28,Ras,Mohammed,,,Mar Rosso,Egitto,Africa,Marina,2008,No,,,
29,Maldive,,,,Oceano Indiano,India,Asia,Marina,2008,No,,,
30,Apo Island,,,,Oceano Pacifico,Filippine,Asia,Marina,2008,No,,,
31,Qalasya,,Socotra,,Oceano Indiano,Yemen,Asia,Marina,2008,No,,,
32,Ono Island Fiji,,Isole Figi o Fiji,,Oceano Pacifico,,Oceania,Marina,2008,No,,,
33,Paléa Epidauro X,,,Peloponneso,Mare Egeo,Grecia,Europe,Marina,1996,No,,,
34,"Vlychada, livello ematitico",,Isole Cicladi,Isola di Santorini,Mare Egeo,Grecia,Europe,Marina,2007,No,,,
35,Koulounbos Beach,,Isole Cicladi,Isola di Santorini,Mare Egeo,Grecia,Europe,Marina,2007,No,,,
36,Golden Bay,,Isola di Malta,,Mar Mediterraneo,Malta,Europe,Marina,2009,No,,,
37,St.Paul's Bay  Pwales beach X,,Isola di Malta,,Mar Mediterraneo,Malta,Europe,Marina,2009,No,,,
38,Marsaxlokk  St.Geoge's bay,,Isola di Malta,,Mar Mediterraneo,Malta,Europe,Marina,2009,No,,,
39,Ghajn Tuffieha  bay,,Isola di Malta,,Mar Mediterraneo,Malta,Europe,Marina,2009,No,,,
40,Starigrad,,,,,Croazia,Europe,Marina,2005,No,,,
41,Corralejo,Fuerteventura,Isole Canarie,Dune del Parco Naturale,Oceano Atlantico,Spain,Europe,Eolica-Desertica,2005,Si,,,
42,Playa de las Teresitas X,Tenerife,Isole Canarie,,Oceano Atlantico,Spain,Europe,Marina,1994,No,,,
43,Tarifa,,,,,Spain,Europe,Marina,2005,No,,,
44,Playa los Pocillos,Lanzarote,Isole Canarie,Puerto del Carmen,Oceano Atlantico,Spain,Europe,Marina/Vulcanica,2008,Si,,,
45,Playa Papagayo,Lanzarote,Isole Canarie,"Parco Ajachas, Monumento Nazionale",Oceano Atlantico,Spain,Europe,Marina,2005,No,,,
46,Barcellona,,,,Mar Mediterraneo,Spain,Europe,Marina,2008,No,,,
47,Magaluf,,Maiorca,,Mare Mediterraneo,Spain,Europe,Marina,2008,No,,,
48,Saumur,,,,Fiume Loira,France,Europe,Fluviale,1998,No,,,
49,Plage de la Courtade,,Ile de Porquerolles,,Mar Mediterraneo,France,Europe,Marina,2008,Si,,,
50,Plage d'Argent,,Ile de Porquerolles,,Mar Mediterraneo,France,Europe,Marina,2008,Si,,,
51,Scheveningen,,,L'Aia,Mar del Nord,Olanda,Europe,Marina,2008,Si,,,
52,Oostende,,,,Mar del Nord,Belgio,Europe,Marina,2008,No,,,
53,Delta del Danubio,,,,Mar Nero,Romania,Europe,Fluviale,2008,Si poca,,,
54,Stromboli X,Messina,Isole Eolie,Sicilia,Mare Mediterraneo,Italy,Europe,Marina/Vulcanica,1995,No,,,
55,Fontane bianche X,Siracusa,,Sicilia,Mar Mediterraneo,Italy,Europe,Marina,2008,Si tanta,,,
56,Lampedusa,Agrigento,,Sicilia,Mar Mediterraneo,Italy,Europe,Marina,2008,No,,,
57,Plaja  Grande,Ragusa,,Sicilia,Mar Mediterraneo,Italy,Europe,Marina,2008,Si,,,
58,"Arena Bianca, S.ta Teresa di Gallura X",Sassari,,Sardegna,"Bocche di Bonifacio, Mare Mediterraneo",Italy,Europe,Marina,1999,No,,,
59,Castiglione al Lago,Perugia,,Umbria,Lago Trasimeno,Italy,Europe,Lacustre,1996,No,,,
60,Marina Di Alberese,Grosseto,,Toscana,Mare Tirreno,Italy,Europe,Marina,1993,No,,,
61,Cala delle Cannelle,Grosseto,Isola del Giglio,Toscana,Mare Tirreno,Italy,Europe,Marina,2004,No,,,
62,Casetta Civinini,Grosseto,,Toscana,Mar Tirreno,Italy,Europe,Marina,2008,Si tanta,,,
63,Cala Violina X,Grosseto,,Toscana,Mar tirreno,Italy,Europe,,2009,Si tanta,,,
64,Marina di Campo,Livorno,Isola D'Elba,Toscana,Mar Tirreno,Italy,Europe,Marina,2008,Si,,,
65,Poveromo Marina di Massa,Massa Carrara,,Toscana,Mar Tirreno,Italy,Europe,Marina,2008,No,,,
66,Isola del Lazzaretto Nuovo,Venezia,,Veneto,Mar Adriatico,Italy,Europe,Marina,2008,Si tanta,,,
67,Sottomarina X,Venezia,,Veneto,Mar Adriatico,Italy,Europe,Marina,2008,Si tanta,,,
68,Cavallino,Venezia,,Veneto,Mar Adriatico,Italy,Europe,Marina,2008,Si,,,
69,Cortina,Belluno,,Veneto,Fiume Boite,Italy,Europe,Fluviale,2008,Si tanta,,,
70,Cattolica X,Rimini,,Emilia Romagna,Mar Adriatico,Italy,Europe,Marina,2008,Si,,,
71,Riccione,Rimini,,Emilia Romagna,Mar Adriatico,Italy,Europe,Marina,2008,Si,,,
72,Porto verde,Rimini,,Emilia Romagna,Mar Adriatico,Italy,Europe,Marina,2008,Si poca,,,
73,Misano Adriatico  ,Rimini,,Emilia Romagna,Mar Adriatico,Italy,Europe,Marina,2008,Si,,,
74,Gabicce mare,Pesao Urbino,,Marche,Mar Adriatico,Italy,Europe,Marina,2008,No,,,
75,Termoli,Campobasso,,Molise,Mar Adriatico,Italy,Europe,Marina,2008,Si poca,,,
76,Castel Porziano,Roma sud,,Lazio,Mar Tirreno,Italy,Europe,Marina,2008,Si,,,
77,Pestum X,Salerno,,Campania,Mar Tirreno,Italy,Europe,Marina,2008,Si tanta,,,
78,Calla Pozzillo S.Maria di Castellabate,Salerno,,Campania,Mar Tirreno,Italy,Europe,Marina,2008,Si tanta,,,
79,Lungom.S.Marco Agropoli(verso mare)X,Salerno,,Campania,Mar Tirreno,Italy,Europe,Marina,2008,Si tanta,,,
80,Lungom.S.Marco Agropoli(versostrada X,Salerno,,Campania,Mar Tirreno,Italy,Europe,Marina,2008,Si tanta,,,
81,Ogliastra Marina Castellabate,Salerno,,Campania,Mar Tirreno,Italy,Europe,Marina,2008,Si tanta,,,
82,Torre Pali,Lecce,,Puglia,Mar Ionio,Italy,Europe,Marina,2008,Si tanta,,,
83,Gallipoli Lido S.Giovanni X,Lecce,,Puglia,Mar Ionio,Italy,Europe,Marina,2008,Si tanta,,,
84,Torre S.Giovanni X,Lecce,,Puglia,Mar Ionio,Italy,Europe,Marina,2008,Si tanta,,,
85,Torre Lapillo X,Lecce,,Puglia,Mar Ionio,Italy,Europe,Marina,2008,Si tanta,,,
86,Punta Prosciutto X,Lecce,,Puglia,Mar Ionio,Italy,Europe,Marina,2008,Si tanta,,,
87,CasaLabate (verso mare) X,Lecce,,Puglia,Mar Adriatico,Italy,Europe,Marina,2008,Si tanta,,,
88,CasaLabate (verso strada) X,Lecce,,Puglia,Mar Adriatico,Italy,Europe,Marina,2008,Si,,,
89,San Cataldo (verso mare),Lecce,,Puglia,Mar Adriatico,Italy,Europe,Marina,2008,Si,,,
90,San Cataldo (verso strada),Lecce,,Puglia,Mar Adriatico,Italy,Europe,Marina,2008,Si,,,
91,Santa Foca,Lecce,,Puglia,Mar Adriatico,Italy,Europe,Marina,2008,Si tanta,,,
92,Torre dell'Orso X,Lecce,,Puglia,Mar Adriatico,Italy,Europe,Marina,2008,Si tanta,,,
93,Alimini  (verso mare),Lecce,,Puglia,Mar Adriatico,Italy,Europe,Marina,2008,Si,,,
94,Alimini (verso strada),Lecce,,Puglia,Mar Adriatico,Italy,Europe,Marina,2008,Si,,,
95,Cala Pregonda,,Minorca,,Mar Mediterraneo,Spain,Europe,Marina,2008,,,,
96,Cala Es Talaier,,Minorca,,Mar Mediterraneo,Spain,Europe,Marina,2008,Si,,,
97, Punta della Suina Gallipoli,Lecce,,Puglia,Mar Ionio,Italy,Europe,Marina,2008,Si tanta,,,
98,Sorrento,Napoli,,Campania,Mar Tirreno,Italy,Europe,Marina,2008,Si tanta,,,
99,Mergellina X,Napoli,,Campania,Mar Tirreno,Italy,Europe,Marina,2008,Si,,,
100,Acciaroli,Napoli,,Campania,Mar Tirreno,Italy,Europe,Marina,2008,Si poca,,,
101,Passo Valparola,Belluno,,Veneto,,Italy,Europe,Montagna,2008,No,,,
102,Passo Falzarego,Belluno,,Veneto,,Italy,Europe,Montagna,2008,No,,,
103,Monte Lagazuoi,Belluno,,Veneto,,Italy,Europe,Montagna,2008,No,,,
104,Deserto Acacus (sabbia chiara),,,,,Libia,Africa,Desertica,2008,No,,,
105,Deserto Acacus (sabbia scura) X,,,,,Libia,Africa,Desertica,2008,No,,,
106,Parco Naturale Leba n° 1,,,,Mar Baltico,Polonia,Europe,Marina,2008,No,,,
107,Parco Naturale Leba n° 2,,,,Mar Baltico,Polonia,Europe,Marina,2008,No,,,
108,Monument Valley ,,,,,Arizona,Usa,Desertica,2008,No,,,
109,Deserto  Tunisiaco,,,,,Tunisia,Africa,Desertica,2008,No,,,
110,Isola di Budelli,Olbia - Tempio,Arcipelago della Maddalena,Sardegna,Mar Tirreno,Italy,Europe,Marina,1990,No,,,
111,Arches National Park,,,,,Utah,USA,Desertica,2008,No,,,
112,San Quintin,,,Baja California,Oceano Pacifico,Mexico,Central America,Marina,2008,No,,,
113,Point Fermin,,,San Pedro,Oceano Pacifico,California,USA,Marina,2008,No,,,
114,White Sands X,,,,,New Mexico,USA,Desertica,2008,No,,,
115,Green Sand Beach,,Big Island Hawaii,,Oceano Pacifico,,USA,Marina,2008,No,,,
116,Fort Pierce X,,,,Oceano Atlantico,Florida,USA,Marina,2008,No,,,
117,Vanua Levu,,Isole Figi o Fiji,,Oceano Pacifico,,Oceania,Marina,2008,No,,,
118,Indiana Dunes State Park,Chicago,,,Lago Michigan,Illinois,Usa,Lacustre,2008,No,,,
119,Van Duzen River,Humbolt County,,,Oceano Pacifico,California,USA,Marina,2008,No,,,
120,Knollwood Beach,Old Saybrook,,,Oceano Atlantico,Connecticut,Usa,Marina ,2008,No,,,
121,Kelso Dunes X,san Bernardino County,,,Oceano Pacifico,California,USA,Marina,2008,No,,,
122,Antelope Island,Great Salt lake,,,Lago Salato,Utah,USA,Lacustre,2008,No,,,
123,Sundance Anthill,Sheep Mountain,,,,Wyoming,Usa,Desertica,2008,No,,,
124,Lido di Ischia X,Napoli,Ischia,Campania,Mar Tirreno,Italy,Europe,Marina,2008,Si poca,,,
125,Spiaggia Mandra Ischia,Napoli,Ischia,Campania,Mar Tirreno,Italy,Europe,Marina,2008,No,,,
126,Spiaggia Maronti Ischia,Napoli,Ischia,Campania,Mar Tirreno,Italy,Europe,Marina,2008,Si poca,,,
127,Villasimius ,Cagliari,,Sardegna,Mar Tirreno,Italy,Europe,Marina,2008,Si poca,,,
128,Cala Murtas,Cagliari,,Sardegna,Mar Tirreno,Italy,Europe,Marina,2008,No,,,
129,Cala Pira,Cagliari,,Sardegna,Mar Tirreno,Italy,Europe,Marina,2008,Si poca,,,
130,Marotta,Pesaro Urbino,,Marche,Mar Adriatico,Italy,Europe,Marina,2008,Si tanta,,,
131,Lago Bohinj (vicino Catez),,,,,Slovenia,Europe,Lacustre,2008,Si tanta,,,
132,Fiume Sava (vicino lago Bohinj),,,,,Slovenia,Europe,Fluviale,2008,Si tanta,,,
133,Fiume Sava Cartex,,,,,Slovenia,Europe,Fluviale,2008,Si poca,,,
134,Marina di Fasano(tra torre canne e pilone),Brindisi,,Puglia,Mar Adriatico,Italy,Europe,Marina,2008,Si tanta,,,
135,Marina di Fasano ( vicino torre canne),Brindisi,,Puglia,Mar Adriatico,Italy,Europe,Marina,2008,Si tanta,,,
136,Bagnoli X,Napoli,,Campania,Mar Tirreno,Italy,Europe,Marina,2008,Si,,,
137,Pozzuoli (Litorale la Pietra) X,Napoli,,Campania,Mar Tirreno,Italy,Europe,Marina,2008,Si,,,
138,Capo Scalambri,Ragusa,,Sicilia,Mar Mediterraneo,Italy,Europe,Marina,2008,Si poca,,,
139,Agios Stefanos,,Isola Kos,,Mar Mediterraneo,Grecia,Europe,Marina,2009,No,,,
140,Seagull's bay,,Isola Kos,,Mar Mediterraneo,Grecia,Europe,Marina,2009,No,,,
141,Le terre colorate di Chamarel ,,Isole Mauritius,,Oceano Indiano,,Africa,Vulcanica,2008,No,,,
142,Groticelle,Vibo Valentia,,Calabria,Mar Tirreno,Italy,Europe,Marina,2005,No,,,
143,Ko Lipe,Satun,Isola-arcipelago Adang-Rawi,,Mare delle Andamene,Thailandia,Asia,Marina,2005,No,,,
144,Yangoon,,,,Fiume Irrawady,Birmania,Asia,Fluviale,2005,No,,,
145,Fetovaia,Livorno,Isola D'Elba,Toscana,Mar Tirreno,Italy,Europe,Marina,2005,No,,,
146,Vulcano ,Messina,Isola di Vulcano/Eolie,Sicilia,Mar Tirreno,Italy,Europe,Marina,2005,No,,,
147,Spiaggia Nera,Nonza,,Corsica,Mar Tirreno,France,Europe,Marina,2005,No,,,
148,Asdù,,Isole Maldive,,Oceano Indiano,India,Asia,Marina,2005,No,,,
149,Pizzo Calabro X,Vibio Valentia,,Calabria,Mar Tirreno,Italy,Europe,Marina,2005,No,,,
150,Vieste Gargano,Foggia,,Puglia,Mar Adriatico,Italy,Europe,Marina,2005,No,,,
151,Costa Rei Muravera,Cagliari,,Sardegna,Mar Tirreno,Italy,Europe,Marina,2009,No,,,
152,Costa Rei Santa Giusta,Cagliari,,Sardegna,Mar Tirreno,Italy,Europe,Marina,2009,Si poca,,,
153,Costa Rei,Cagliari,,Sardegna,Mar Tirreno,Italy,Europe,Marina,2005,Si poca,,,
154,Su Pallosu S.Vero Milis,Oristano,,Sardegna,Mar Tirreno,Italy,Europe,Marina,2005,No,,,
155,Porto Mandriola S.Vero Milis,Oristano,,Sardegna,Mar Tirreno,Italy,Europe,Marina,2005,No,,,
156,Piteu idu S.Vero Milis,Oristano,,Sardegna,Mar Tirreno,Italy,Europe,Marina,2005,No,,,
157,Pietra Grande,Catanzaro,,Calabria,Mar Ionio,Italy,Europe,Marina,2005,No,,,
158,Poetto,Cagliari,,Sardegna,Mar Tirreno,Italy,Europe,Marina,2005,No,,,
159,Praia a Mare,Cosenza,,Calabria,Mar Tirreno,Italy,Europe,Marina,2005,No,,,
160,Arbatax,Ogliastra,,Sardegna,Mar Tirreno,Italy,Europe,Marina,2005,No,,,
161,Torre su Puttu Cuglieri,Oristano,,Sardegna,Mar Tirreno,Italy,Europe,Marina,2005,No,,,
162,Alghero,Sassari,,Sardegna,Mar Tirreno,Italy,Europe,Marina,2005,No,,,
163,S.Teresa di Gallura X,Olbia - Tempio,,Sardegna,Mar Tirreno,Italy,Europe,Marina,2005,No,,,
164,Dauphin Island,,,,Golfo del Messico,Alabama,USA,Marina,2009,No,,,
165,Spiaggia del Riso Villasimius,Cagliari,,Sardegna,Mar Tirreno,Italy,Europe,Marina,2005,No,,,
166,Argentiera,Sassari,,Sardegna,Mar Tirreno,Italy,Europe,Marina,2005,No,,,
167,Golfo di Marinella Porto Rotondo,Olbia - Tempio,,Sardegna,Mar Tirreno,Italy,Europe,Marina,2005,No,,,
168,Golfo Aranci,Olbia - Tempio,,Sardegna,Mar Tirreno,Italy,Europe,Marina,2005,No,,,
169,Santa Caterina di Pittinuri,Oristano,,Sardegna,Mar Tirreno,Italy,Europe,Marina,2005,No,,,
170,San Giovanni Sinis,Oristano,,Sardegna,Mar Tirreno,Italy,Europe,Marina,2005,No,,,
171,Santa Maria del Cedro,Cosenza,,Calabria,Mar Tirreno,Italy,Europe,Marina,2005,No,,,
172,Gioia Tauro X,Reggio Calabria,,Calabria,Mar Tirreno,Italy,Europe,Marina,2005,No,,,
173,Lido di Catanzaro,Catanzaro,,Calabria,Mar Ionio,Italy,Europe,Marina,2005,No,,,
174,Playa deVaradero2,,,,Oceano Atlantico,Cuba,Central America,Marina,2009,No,,,
175,Locri X,Reggio Calabria,,Calabria,Mar Ionio,Italy,Europe,Marina,2005,No,,,
176,Torre Canne ,Brindisi,,Puglia,Mar Adriatico,Italy,Europe,Marina,2008,No,,,
177,San Pietro in Bevagna,Taranto,,Puglia,Mar Ionio,Italy,Europe,Marina,2005,No,,,
178,Il Capitolo Monopoli,Bari,,Puglia,Mar Adriatico,Italy,Europe,Marina,2005,No,,,
179,S. Maria Capo Vaticano,Vibo Valentia,,Calabria,Mar Tirreno,Italy,Europe,Marina,2005,No,,,
180,Eden Capo Vaticano,Vibo Valentia,,Calabria,Mar Tirreno,Italy,Europe,Marina,2005,No,,,
181,Vasto,Chieti,,Abruzzo,Mar Adriatico,Italy,Europe,Marina,2005,No,,,
182,Licata,Agrigento,,Sicilia,Mar Mediterraneo,Italy,Europe,Marina,2005,No,,,
183,Selinunte,Agrigento,,Sicilia,Mar Mediterraneo,Italy,Europe,Marina,2005,No,,,
184,San Vito lo Capo 1 X,Trapani,,Sicilia,Mar Tirreno,Italy,Europe,Marina,2005,No,,,
185,Vernazza Cinque Terre X,La Spezia,,Liguria,Mar Tirreno,Italy,Europe,Marina,2005,No,,,
186,Sanremo 1,Imperia,,Liguria,Mar Tirreno,Italy,Europe,Marina,2005,No,,,
187,Myrtos,,Isola di Cefalonia,,Mar Ionio,Grecia,Europe,Marina,2009,No,,,
188,Golfo Stella Lacona ,Livorno,Isola D'Elba,Toscana,Mar Tirreno,Italy,Europe,Marina,2005,No,,,
189,Porto Ferraio,Livorno,Isola D'Elba,Toscana,Mar Tirreno,Italy,Europe,Marina,2005,No,,,
190,Tropea,Vibo Valentia,,Calabria,Mar Tirreno,Italy,Europe,Marina,2005,No,,,
191,Circeo,Latina,,Lazio,Mar Tirreno,Italy,Europe,Marina,2005,No,,,
192,Sperlonga 1,Latina,,Lazio,Mar Tirreno,Italy,Europe,Marina,2005,No,,,
193,Porto Recanati X,Macerata,,Marche,Mar Adriatico,Italy,Europe,Marina,2005,No,,,
194,Numana,Ancona,,Marche,Mar Adriatico,Italy,Europe,Marina,2005,No,,,
195,Lignano Sabbiadoro,Udine,,Friuli Venezia Giulia,Mar Adriatico,Italy,Europe,Marina,2005,No,,,
196,Caorle,Venezia,,Veneto,Mar Adriatico,Italy,Europe,Marina,2005,No,,,
197,Bibione X,Venezia,,Veneto,Mar Adriatico,Italy,Europe,Marina,2005,No,,,
198,Fontanelle Gallipoli X,Lecce,,Puglia,Mar Adriatico,Italy,Europe,Marina,2009,Si poca,,,
199,Costa Smeralda,Olbia - Tempio,,Sardegna,Mar Tirreno,Italy,Europe,Marina,2005,No,,,
200,Los Americas ,Tenerife,Isole Canarie,,Mar Mediterraneo,Spain,Europe,Marina,2005,No,,,
201,Puritate  Gallipoli,Lecce,,Puglia,Mar Adriatico,Italy,Europe,Marina,2009,Si poca,,,
202,San Juan  ,Tenerife,Isole Canarie,,Mar Mediterraneo,Spain,Europe,Marina,2009,No,,,
203,Isola de Sal 3,,Capo Verde,,Oceano Atlantico,Repubblica Capo verde,Africa,Marina,2009,No,,,
204,Vulcano (rosa - Zolfo),Messina,Isola di Vulcano/Eolie,Sicilia,Mar Tirreno,Italy,Europe,Marina,2005,No,,,
205,Vulcano (nera e gialla-con pietra pomice),Messina,Isola di Vulcano/Eolie,Sicilia,Mar Tirreno,Italy,Europe,Marina,2005,No,,,
206,Parenzo ,Istria,,,Mar Adriatico,Croazia,Europe,Marina,2005,No,,,
207,Krk X,,Isola di Krk,,Mar Adriatico,Croazia,Europe,Marina,2005,No,,,
208,Rovigno,Istria,,,Mar Adriatico,Croazia,Europe,Marina,2005,No,,,
209,Irlanda,,,,Oceano Atlantico,Irlanda,Europe,Marina,2005,No,,,
210,Villaggio Nubiano ,Assul,,,Fiume Nilo,Egitto,Africa,Fluviale,2009,No,,,
211,Rosolina mare X,Rovigo,,Veneto,Mar Adriatico,Italy,Europe,Marina,2008,No,,,
212,Marina di Pietrasanta,Lucca,,Toscana,Mar Tirreno,Italy,Europe,Marina,2008,No,,,
213,Red Beach,Santorini,,,Mar Mediterraneo,Grecia,Europe,Marina,2008,No,,,
214,Santa Ponsa,Palma di Maiorca,Baleari,,Mare Mediterraneo,Spain,Europe,Marina,2008,No,,,
215,Formentor,Palma di Maiorca,Baleari,,Mare Mediterraneo,Spain,Europe,Marina,2008,No,,,
216,Cala Major,Palma di Maiorca,Baleari,,Mare Mediterraneo,Spain,Europe,Marina,2008,No,,,
217,Lloret de mar,Costa Brava,,Barcellona,Mar Mediterraneo,Spain,Europe,Marina,2005,No,,,
218,Sopot,Danzica,,,Mar Baltico,Polonia,Europe,Marina,2005,No,,,
219,Klaipeda,,,,Mar Baltico,Lituania,Europe,Marina,2005,No,,,
220,Playas del Este,Havana,,,Oceano Atlantico,Cuba,Central America,Marina,2005,No,,,
221,St.Julian's,,Isola di Malta,,Mar Mediterraneo,Malta,Europe,Marina,2009,Si poca,,,
222,Havana,Havana,,,Oceano Atlantico,Cuba,Central America,Marina,2005,No,,,
223,Djerba  deserto,,,,Mar Mediterraneo,Tunisia,Africa,Desertica,2005,No,,,
224,Isole Aran,,,,Oceano Atlantico,Irlanda,Europe,Marina,2005,No,,,
225,Cappadocia X,,,,,Turchia,Europe,,2005,No,,,
226,Tallin,,,,Mar Baltico,Estonia,Europe,Marina,2005,No,,,
227,Arena De Ronda,Malaga,,,Plaza de Toros,Spain,Europe,,2005,No,,,
228,Lido di Venezia X,Venezia,,Veneto,Mar Adriatico,Italy,Europe,Marina,2009,No,,,
229,Eraclea Minoa,Agrigento,,Sicilia,Mar Mediterraneo,Italy,Europe,Marina,2009,No,,,
230,Cefalù,Palermo,,Sicilia,Mar Tirreno,Italy,Europe,Marina,2009,No,,,
231,Balestrate X,Palermo,,Sicilia,Mar Tirreno,Italy,Europe,Marina,2009,No,,,
232,Swan Sea,,,Galles,Oceano Atlantico,Gran Bretagna,Europe,Marina,2009,No,,,
233,Baia Chia,Cagliari,,Sardegna,Mar Tirreno,Italy,Europe,Marina,2009,No,,,
234,Piscinas (verso mare),Cagliari,,Sardegna,Mar Tirreno,Italy,Europe,Marina,2009,Si poca,,,
235,Piscinas (dune interne),Cagliari,,Sardegna,Mar Tirreno,Italy,Europe,Marina,2009,Si poca,,,
236,Torridelle Stelle Genn'e mari,Cagliari,,Sardegna,Mar Tirreno,Italy,Europe,Marina,2009,No,,,
237,Is Arutas,Oristano,,Sardegna,Mar Tirreno,Italy,Europe,Marina,2009,Si poca,,,
238,Ialissos,,Rodi,,Mar Mediterraneo,Grecia,Europe,Marina,2009,No,,,
239,Veglia,,Isola Krk,,Mar Adriatico,Croazia,Europe,Marina,2009,No,,,
240,Stintino,Sassari,,Sardegna,Mar Tirreno,Italy,Europe,Marina,2009,Si poca,,,
241,Castelsardo,Sassari,,Sardegna,Mar Tirreno,Italy,Europe,Marina,2009,Si poca,,,
242,Fontainebleu X,Parigi,,x vetri di murano,Fiume Senna,France,Europe,Fluviale,2009,Si ,,,
243,Playa Blanca,Lanzarote,Isole Canarie,,Oceano Atlantico,Spain,Africa,Marina,2009,No,,,
244,Playa los Lagos (Cotillo) fine,Fuerteventura,Isole Canarie,,Oceano Atlantico,Spain,Africa,Marina ,2009,No,,,
245,Playa los Lagos (Cotillo) grossa,Fuerteventura,Isole Canarie,,Oceano Atlantico,Spain,Africa,Marina ,2009,No,,,
246,Costa Caleta De Fuste,Fuerteventura,Isole Canarie,,Oceano Atlantico,Spain,Africa,Marina ,2009,No,,,
247,Costa Calma,Fuerteventura,Isole Canarie,,Oceano Atlantico,Spain,Africa,Marina ,2009,No,,,
248,Playa Quemada (nera),Lanzarote,Isole Canarie,,Oceano Atlantico,Spain,Africa,Marina,2009,No,,,
249,St. Andrew,Scozia ,,,Mar del Nord,Gran Bretagna,Europe,Marina,2009,No,,,
250,Atollo Ari,,Maldive,,Oceano Indiano,Repubblica delle Maldive,Asia,Marina,2009,No,,,
251,Deserto Wadi Rum,,,,,Giordania,Asia,Desertica,2009,No,,,
252,Deserto Marocco,,,,,Marocco,Africa,Desertica,2009,No,,,
253,Marrakech,,,,,Marocco,Africa,Desertica,2009,No,,,
254,Agadir,,,,Oceano Atlantico,Marocco,Africa,Marina,2009,No,,,
255,Djerba  mare,,,,Mar Mediterraneo,Tunisia,Africa,Marina,2005,No,,,
256,Hammamet,,,,Mar Mediterraneo,Tunisia,Africa,Marina,2009,No,,,
257,Leptis magna X,,,,,Libia,Africa,Desertica,2009,No,,,
258,Abu - Dhabi,,,,Golfo Persico,Emirati Arabi,Asia,Marina,2009,No,,,
259,Dubai,,,,Golfo Persico,Emirati Arabi,Asia,Marina,2009,No,,,
260,Deserto Emirati Arabi,,,,,Emirati Arabi,Asia,Desertica,2009,No,,,
261,Jabel  Ali,,,,Golfo Persico,Emirati Arabi,Asia,Marina,2009,No,,,
262,Deserto Sahara X,,,,,Egitto,Africa,Desertica,2009,No,,,
263,Deserto Egiziano 1,,,,,Egitto,Africa,Desertica,2009,No,,,
264,Deserto Egiziano 2,,,,,Egitto,Africa,Desertica,2009,No,,,
265,Deserto Egiziano 3,,,,,Egitto,Africa,Desertica,2009,No,,,
266,Punta del Sinai,,,,Mar Rosso,Egitto,Africa,Marina,2009,No,,,
267,Sharm el Sheik,,,,Mar Rosso,Egitto,Africa,Marina,2009,Si,,,
268,Isola di Mikonos,,Mikonos,,Mar Mediterraneo,Grecia,Europe,Marina,2009,No,,,
269,Isola di kos sabbia nera,,Isola di Kos,,Mar Mediterraneo,Grecia,Europe,Marina,2009,No,,,
270,Isola di Rodi,,Isola di Rodi,,Mar Mediterraneo,Grecia,Europe,Marina,2008,No,,,
271,Isola di Naxos,,Isola di Naxos,,Mar Mediterraneo,Grecia,Europe,Marina,2009,No,,,
272,Isola di Santorini,, Santorini,,Mar Mediterraneo,Grecia,Europe,Marina,2008,No,,,
273,Isola di Creta,,Isola di Creta,,Mar Mediterraneo,Grecia,Europe,Marina,2009,No,,,
274,Wamba,,,,,Kenia,Africa,altro,2009,No,,,
275,Plaja del Carmen,,,Quintana Roo,Mar dei Caraibi,Mexico,Central America,Marina,2009,No,,,
276,Isola Catalina,,Caraibi,,Mar dei Caraibi,Repubblica Dominicana,Central America,Marina,2009,No,,,
277,Isola de Sal 1,,Capo Verde,,Oceano Atlantico,Repubblica Capo verde,Africa,Marina,2009,No,,,
278,Isola Mauritius (1),,Mauritius,,Oceano Indiano,Repubblica di Mauritius,Africa,Marina,2009,No,,,
279,Isola di Zanzibar,,Zanzibar,,Oceano Indiano,Tanzania,Africa,Marina,2009,No,,,
280,Porto Caleri,Rovigo,,Veneto,Mar Adriatico,Italy,Europe,Marina,2010,No,,,
281,Piccole Antille,,Antille,,Mar delle Antille,,Central America,Marina,2009,No,,,
282,St. Maarten,,Antille,,Mar delle Antille,Olanda,Central America,Marina,2009,No,,,
283,Isole Vergini,,Antille,,Mar delle Antille,USA,Central America,Marina,2009,No,,,
284,Isola Koh Samui,,,,Golfo Di Tailandia,Thailandia,Asia,Marina,2009,No,,,
285,Challa,,,,,Perù,America Sud,altro,2009,No,,,
286,Nazarè,,,,Oceano Atlantico,Portogallo,Europe,Marina,2009,No,,,
287,Gran Canarie,,Canarie,,Oceano Atlantico,Spain,Africa,Vulcanica,2009,No,,,
288,Mentone,Costa Azzurra,,,Mar Mediterraneo,France,Europe,Marina,2009,No,,,
289,Antibes,Costa Azzurra,,,Mar Mediterraneo,France,Europe,Marina,2009,No,,,
290,Sant Tropez,Costa Azzurra,,,Mar Mediterraneo,France,Europe,Marina,2009,No,,,
291,Ibiza 1,,Baleari,,Mare Mediterraneo,Spain,Europe,Marina,2008,Si poca,,,
292,Isole Lofoten,,,,Mar di Norvegia,Norvegia,Europe,Marina,2009,No,,,
293,Letojanni,Messina,,Sicilia,Mar Ionio,Italy,Europe,Marina,2009,No,,,
294,St. Andrea Marciana,Livorno,Isola D'Elba,Toscana,Mar Tirreno,Italy,Europe,Marina,2009,No,,,
295,Cotonau,,,,Oceano Atlantico,Benin,Africa,Marina,2009,No,,,
296,Ammopi Sand,,Isola Karpathos,,Mediterraneo,Grecia,Europe,Marina,2009,Si poca,,,
297,Kyra Panagia Sand,,Isola Karpathos,,Mediterraneo,Grecia,Europe,Marina,2009,Si poca,,,
298,Apella Sand,,Isola Karpathos,,Mediterraneo,Grecia,Europe,Marina,2009,Si poca,,,
299,Lefkos,Sand,Isola Karpathos,,Mediterraneo,Grecia,Europe,Marina,2009,Si poca,,,
300,Marina di Sorso,Sassari,,Sardegna,Mar Tirreno,Italy,Europe,Marina,2009,No,,,
301,Isole Komodo 1,,,,Mar di Flores,Indonesia,Asia,Marina,2009,No,,,
302,Isole Komodo2,,,,Mar di Flores,Indonesia,Asia,Marina,2009,No,,,
303,Punta della Suina Gallipoli grossa,Lecce,,Puglia,Mar Ionio,Italy,Europe,Marina,2009,No,,,
304,Santa Maria di Leuca,Lecce,,Puglia,Mar Ionio,Italy,Europe,Marina,2009,No,,,
305,Baratti  Pineta,Livorno,,Toscana,Mar Tirreno,Italy,Europe,Marina,2009,Si Tanta,,,
306,Baia San felice Vieste,Foggia,,Puglia,Mar Adriatico,Italy,Europe,Marina,2009,No,,,
307,Defensola Vieste,Foggia,,Puglia,Mar Adriatico,Italy,Europe,Marina,2009,No,,,
308,Palombaggia,,,Corsica,Mar Tirreno,France,Europe,Marina,2009,No,,,
309,Sperlonga 2,Latina,,Lazio,Mar Tirreno,Italy,Europe,Marina,2009,No,,,
310,Baia Trinità X,Olbia - Tempio,Isola della Maddalena,Sardegna,Mar Tirreno,Italy,Europe,Marina,2009,No,,,
311,Procida (grossa),Napoli,Isola di Procida,Campania,Mar Tirreno,Italy,Europe,Marina,2009,No,,,
312,Bosa -Porto Alabese,Oristano,,Sardegna,Mar Tirreno,Italy,Europe,Marina,2009,No,,,
313,Torre Astura -Nettuno ,Roma ,,Lazio,Mar Tirreno,Italy,Europe,Marina,2009,No,,,
314,Campomoro   Propriano,,,Corsica,Mar Tirreno,Italy,Europe,Marina,2009,No,,,
315,Venice Beach,,,Los Angeles,Oceano Pacifico,California,USA,Marina,2009,No,,,
316,Fondi -Le dune-,Latina,,Lazio,Mar Tirreno,Italy,Europe,Marina,2009,No,,,
317,Prassonissi,,Isola di Rodi,,Mar Mediterraneo,Grecia,Europe,Marina,2008,No,,,
318,Playa da Rocha,Algarve,,,Oceano Atlantico,Portogallo,Europe,Marina,2009,No,,,
319,Palmira,,,,,Siria,Asia,Desertica,2009,No,,,
320,Sète,,,Linguadoca-Rossiglione,Mar Mediterraneo,France,Europe,Marina,2009,No,,,
321,Lac Saint Croix,,,Provence,,France,Europe,Fluviale,2009,No,,,
322,Playa de Guasimeta,Lanzarote,Isole Canarie,,Oceano Atlantico,Spain,Africa,Marina,2009,No,,,
323,Tazacorte,La Palma,Isole Canarie,,Oceano Atlantico,Spain,Africa,Marina,2009,No,,,
324,Laganas,,Isola Zakynthos,,Mar Mediterraneo,Grecia,Europe,Marina ,2009,No,,,
325,Terschellin -Paal,,isola,,Mar del Nord,Olanda,Europe,Marina,2009,No,,,
326,Procida (fine),Napoli,Isola di Procida,Campania,Mar Tirreno,Italy,Europe,Marina,2009,No,,,
327,Spiaggia del fungo,Napoli,Ischia,Campania,Mar Tirreno,Italy,Europe,Marina,2009,No,,,
328,Grotta dell'acqua Scario,Salerno,,Campania,Mar Tirreno,Italy,Europe,Marina,2009,No,,,
329,Baia Domizia X,Caserta,,Campania,Mar Tirreno,Italy,Europe,Marina,2009,No,,,
330,Spiaggia dei Gabbiani Massetto,Salerno,,Campania,Mar Tirreno,Italy,Europe,Marina,2009,No,,,
331,Palinuro,Salerno,,Campania,Mar Tirreno,Italy,Europe,Marina,2009,Si,,,
332,Vesuvio 1,Napoli,,Campania,,Italy,Europe,Vulcanica,2009,No,,,
333,Vesuvio 2,Napoli,,Campania,,Italy,Europe,Vulcanica,2009,No,,,
334,Sapri X,Salerno,,Campania,Mar Tirreno,Italy,Europe,Marina,2009,No,,,
335,Palmarola 1,Napoli,Isole Ponziane,Campania,Mar Tirreno,Italy,Europe,Marina,2009,No,,,
336,Palmarola 2,Napoli,Isole Ponziane,Campania,Mar Tirreno,Italy,Europe,Marina,2009,No,,,
337,Nettuno bianco-Torre Astura,Roma ,,Lazio,Mar Tirreno,Italy,Europe,Marina,2009,No,,,
338,Lido Ariana -Gaeta X,Latina,,Lazio,Mar Tirreno,Italy,Europe,Marina,2009,No,,,
339,Posada Costa Smeralda,Olbia - Tempio,,Sardegna,Mar Tirreno,Italy,Europe,Marina,2009,No,,,
340,Platamona,Sassari,,Sardegna,Mar Tirreno,Italy,Europe,Marina,2009,No,,,
341,Capo d'Orso Costa Smeralda X,Olbia - Tempio,,Sardegna,Mar Tirreno,Italy,Europe,Marina,2009,No,,,
342,Coda Cavallo S.Teodoro,Olbia - Tempio,,Sardegna,Mar Tirreno,Italy,Europe,Marina,2009,No,,,
343,Etna eruzione ott.'02 X,Catania,,Sicilia,,Italy,Europe,Vulcanica,2002,No,,,
344,Gelso Isola di Vulcano,Messina,Isole Eolie,Sicilia,Mar Tirreno,Italy,Europe,Vulcanica,2009,No,,,
345,Canne Isola di Lipari,Messina,Isole Eolie,Sicilia,Mar Tirreno,Italy,Europe,Vulcanica,2009,No,,,
346,Sa Mesa Longa,Oristano,,Sardegna,Mar Tirreno,Italy,Europe,Marina,2009,No,,,
347,Pescoluse Marina di salve,Lecce,,Puglia,Mar Ionio,Italy,Europe,Marina,2009,No,,,
348,Marina Lunga Lipari X,Messina,Isole Eolie,Sicilia,Mar Tirreno,Italy,Europe,Marina,2009,No,,,
349,Stintino Le Saline,Sassari,,Sardegna,Mar Tirreno,Italy,Europe,Marina,2009,No,,,
350,San Nicola Arcella,Cosenza,,Calabria,Mar Tirreno,Italy,Europe,Marina,2009,No,,,
351,Soverato marina,Catanzaro,,Calabria,Mar Ionio,Italy,Europe,Marina,2009,No,,,
352,Costa tra S. Alberto e Comacchio,Ferrara,,Emilia Romagna,Mar Adriatico,Italy,Europe,Marina,2009,No,,,
353,Hidalgo Punta Ala,Grosseto,,Toscana,Mar Tirreno,Italy,Europe,Marina,2009,No,,,
354,Cava M.Corchia Levignani (Pietà di Michelangelo),Lucca,,Toscana,,Italy,Europe,altro,2009,No,,,
355,Villa Rosa S.Benedetto del Tronto,Ascoli Piceno,,Marche,Mar Adriatico,Italy,Europe,Marina,2009,No,,,
356,Monte Pallino Fiume Frido S.Severino Lucano,Potenza,,Basilicata,,Italy,Europe,altro,2009,No,,,
357,Rocha dos Soidos Alte,Loulè,,Algarve,,Portogallo,Europe,altro,2009,No,,,
358,Cavoli,Livorno,Isola d'Elba,Toscana,Mar Tirreno,Italy,Europe,Marina,2009,No,,,
359,Capo Livere,Livorno,Isola d'Elba,Toscana,Mar Tirreno,Italy,Europe,Marina,2009,No,,,
360,Laconi,Livorno,Isola d'Elba,Toscana,Mar Tirreno,Italy,Europe,Marina,2009,No,,,
361,Keri - Beach Zakynthos X,,Isola di Zante ,,Mar Ionio,Grecia,Europe,Marina,2009,No,,,
362,Samia Cefalonia X,,Isola di Cefalonia,,Mar Ionio,Grecia,Europe,Marina,2009,No,,,
363,Minia Cefalonia,,Isola di Cefalonia,,Mar Ionio,Grecia,Europe,Marina,2009,No,,,
364,Fortaleza ,Canoa Quebrada,,,Oceano Atlantico,Brasile,America Sud,Marina,2009,No,,,
365,Nes palo 37,Frisia,Arcipelago delle Frisone,Ameland,Mar del Nord,Olanda,Europe,Marina,2009,No,,,
366,Cadzand - Bad,Zeeland,,,Mar del Nord,Olanda,Europe,Marina,2009,No,,,
367,Koksijde,Fiandre occidentali,,Fiandre,Mar del Nord,Belgio,Europe,Marina,2009,No,,,
368,Taragona,Barcellona,,Catalogna,Mar Mediterraneo,Spain,Europe,Marina,2009,No,,,
369,Empuries,Girona,,Catalogna,Mar Mediterraneo,Spain,Europe,Marina,2009,No,,,
370,Marbella X,,,Andalusia,Mar Mediterraneo,Spain,Europe,Marina,2009,No,,,
371,Ebla ,,,,,Siria,Europe,altro,2009,No,,,
372,Douz Sahara,,,,Deserto del Sahara,Tunisia,Africa,Desertica,2009,No,,,
373,Helenabaai,Westen cape,,,,Sudafrica,Africa,altro,2009,No,,,
374,Kirchenbosch,,,,,Sudafrica,Africa,altro,2009,No,,,
375,Hurghada,,,,Mar Rosso,Egitto,Africa,Marina,2009,No,,,
376,Isola de Sal 2,,Capo Verde,,Oceano Atlantico,Repubblica Capo verde,Africa,Marina,2009,No,,,
377,Strand-sotto Capetown,,,,Oceano Atlantico,Sudafrica,Africa,Marina,2009,No,,,
378,Sithonia,,,,Mar Egeo,Grecia,Europe,Marina,2009,No,,,
379,Loutra Killinis,,,,Mar Ionio,Grecia,Europe,Marina,2009,No,,,
380,Stoupa X,,,,Mar Ionio,Grecia,Europe,Marina,2009,No,,,
381,Navarino,,,,Mar Ionio,Grecia,Europe,Marina,2009,No,,,
382,Cayucos,,,,Oceano Pacifico,California,America,Marina,2009,No,,,
383,Pylos Golden Beach,,,,Mar Ionio,Grecia,Europe,Marina,2009,No,,,
384,Dubai beach,,,,Golfo Persico,Emirati Arabi,Asia,Marina,2009,No,,,
385,Palmira rovine,,,,,Siria,Asia,altro,2009,No,,,
386,Praia do Ritiro,Icapui Ceara,,,Oceano Atlantico,Brasile,America Sud,Marina,2009,No,,,
387,Lihnos Parga,,,,Mar Ionio,Grecia,Europe,Marina,2009,No,,,
388,Ammoudia vicino delta del fiume Acheron,,,Epiro,Mar Ionio,Grecia,Europe,Marina,2009,No,,,
389,Fiume Acheron Parga,,,Epiro,,Grecia,Europe,Fluviale,2009,No,,,
390,Ayeyarwady  Fiume,,,,, Birmania (Myanmar),Asia,Fluviale,2009,No,,,
391,Fiume Jamuna ,Vrind Mathura,,Littar Pradesh,,India,Asia,Fluviale,2009,No,,,
392,Amersfoort fiume Eem,Utrecht,,,,Olanda,Europe,Fluviale,2009,No,,,
393,Soesterduinen (dune di sabbia),Utrecht,,,,Olanda,Europe,altro,2007,No,,,
394,"Kootwijkerzand riserva naturale di ""sabbie mobili"" ",Gelderland,,Veluwe,,Olanda,Europe,altro,2009,No,,,
395,Varadero ,,,,Oceano Atlantico,Cuba,Central America,Marina,2009,No,,,
396,San Marco Sciacca,Agrigento,,Sicilia,Mar Mediterraneo,Italy,Europe,Marina,2009,si,,,
397,Sovareto Sciacca,Agrigento,,Sicilia,Mar Mediterraneo,Italy,Europe,Marina,2009,si,,,
398,Bahamas,,Caraibi,,Oceano Atlantico,Bahamas ,Central America,Marina,2009,No,,,
399,Inish More,,Isole Aran,,Oceano Atlantico,Irlanda,Europe,Marina,2009,No,,,
400,Margherita di Savoia,Foggia,,Puglia,Mar Adriatico,Italy,Europe,Marina,2009,Si,,,
401,Zapponeta -  Torre Pietra,Foggia,,Puglia,Mar Adriatico,Italy,Europe,Marina,2009,Si,,,
402,Natal  Ponta Negra,,,,Oceano Atlantico,Brasile,America Sud,Marina,2009,Si,,,
403,Gran Canyon Valle del Sinai,,,Penisola del Sinai,Deserto egiziano,Egitto,Africa,Desertica,2009,Si,,,
404,Baratti  Spiaggia,Livorno,,Toscana,Mar Tirreno,Italy,Europe,Marina,2009,Si Tanta,,,
405,Fiume Po,,,Veneto,,Italy,Europe,Fluviale,2009,No,,,
406,San Vito lo Capo 2 X,Trapani,,Sicilia,Mar Tirreno,Italy,Europe,Marina,2009,No,,,
407,Galapagos,,Isola Floreana,,Oceano Pacifico,Ecuador,America  Sud,Marina,2010,No,,,
408,Petra,,,,,Giordania,Asia,Desertica,2010,No,,,
409,Eilat,,,,Mar Rosso,Egitto,Africa,Marina,2010,No,,,
410,Bolsena,Viterbo,,Lazio,Lago di Bolsena,Italy,Europe,Lacustre,2010,Si,,,
411,Aveiro,,,Centro,Oceano Atlantico,Portogallo,Europe,Marina,2010,No,,,
412,Fano,Pesaro Urbino,,Marche,Mar Adriatico,Italy,Europe,Marina,2010,Si,,,
413,Solfatara di Pozzuoli,Napoli,,Campania,,Italy,Europe,Vulcanica,2010,No,,,
414,Pietra Leccese               (cava di Cursi),Lecce,,Puglia,,Italy,Europe,Cava,2010,No,,,
415,Porto Caleri            (dune interne fossili),Rovigo,,Veneto,Mar Adriatico,Italy,Europe,Marina,2010,Si poca,,,
416,Playa de ses Illetes 1,Formentera,Baleari,,Mar Mediterraneo,Spain,Europe,Marina,2010,No,,,
417,Arenale de Castell,Minorca,Baleari,,Mar Mediterraneo,Spain,Europe,Marina,2010,No,,,
418,Cale En Porter,Minorca,Baleari,,Mar Mediterraneo,Spain,Europe,Marina,2010,No,,,
419,Aspra -Bagheria X,Palermo,,Sicilia,Mar Tirreno,Italy,Europe,Marina,2010,Si poca,,,
420,Lu Litarroni S.Teresa di Gallura,Olbia - Tempio,,Sardegna,Mar Tirreno,Italy,Europe,Marina,2010,No,,,
421,Costa Paradiso spiaggia di Li Cossi,Olbia - Tempio,,Sardegna,Mar Tirreno,Italy,Europe,Marina,2010,No,,,
422,Maimoni di Cabras,Oristano,,Sardegna,Mar Tirreno,Italy,Europe,Marina,2010,No,,,
423,Spiagga Cea,Ogliastra,,Sardegna,Mar Tirreno,Italy,Europe,Marina,2010,No,,,
424,Sussirboni,Ogliastra,,Sardegna,Mar Tirreno,Italy,Europe,Marina,2010,No,,,
425,La Marmorata S.Teresa di gallura,Olbia - Tempio,,Sardegna,Mar Tirreno,Italy,Europe,Marina,2010,No,,,
426,Cala Serraina- Trinità di Aglientu,Olbia - Tempio,,Sardegna,Mar Tirreno,Italy,Europe,Marina,2010,No,,,
427,Nora,Cagliari,,Sardegna,Mar Tirreno,Italy,Europe,Marina,2010,Si poca,,,
428,Son Saura,Minorca,Baleari,,Mar Mediterraneo,Spain,Europe,Marina,2010,Si poca,,,
429,Placencia ,,,,Mar dei Caraibi,Belize,Central America,Marina,2010,No,,,
430,Caya Island Ranguana,,,,Mar dei Caraibi,Belize,Central America,Marina,2010,No,,,
431,Sanremo 2 X,Imperia,,Liguria,Mar Tirreno,Italy,Europe,Marina,2010,Si,,,
432,Cavalaire sur Mer,,,Provenza Cote d'Azur,Mar Tirreno,France,Europe,Marina,2010,Si,,,
433,Mezzavalle ,Ancona,,Marche,Mar Adriatico,Italy,Europe,Marina,2010,Si,,,
434,Tirrenia,Pisa,,Toscana,Mar  Tirreno,Italy,Europe,Marina,2010,Si,,,
435,Lido di Pomposa Comacchio,Ferrara,,Emilia Romagna,Mar Adriatico,Italy,Europe,Marina,2010,Si,,,
436,Portopalo di Capo Passero,Siracusa,,Sicilia,Mar Ionio,Italy,Europe,Marina,2010,Si ,,,
437,Bruca di Scicli,Ragusa,,Sicilia,Mar Mediterraneo,Italy,Europe,Marina,2010,Si,,,
438,Agnone Bagni Augusta X,Siracusa,,Sicilia,Mar Ionio,Italy,Europe,Marina,2010,Si,,,
439,Isola delle Correnti X,Siracusa,,Sicilia,Mar Mediterraneo,Italy,Europe,Marina,2010,Si,,,
440,Marina di Ragusa X,Ragusa,,Sicilia,Mar Mediterraneo,Italy,Europe,Marina,2010,Si,,,
441,Torre di Mezzo,Ragusa,,Sicilia,Mar Mediterraneo,Italy,Europe,Marina,2010,No,,,
442,Randello,Ragusa,,Sicilia,Mar Mediterraneo,Italy,Europe,Marina,2010,No,,,
443,Grado,Gorizia,,Friuli Venezia Giulia,Mar Adriatico,Italy,Europe,Marina,2010,Si,,,
444,Monte Tabor,,,,,Israele,Asia,Montagna,2004,No,,,
445,Monte degli Olivi,,,,,Israele,Asia,Montagna,2004,No,,,
446,Monte delle Beatitudini,,,,,Israele,Asia,Montagna,2004,No,,,
447,Qumram,,,Cisgiordania,Mar Morto,Israele,Asia,Lacustre,2004,No,,,
448,Mar Morto  (1),,,,Mar Morto,Israele,Asia,Lacustre,2004,No,,,
449,Petra,,,,,Giordania,Asia,Montagna,2010,No,,,
450,Isola Margarita,,,,Mar dei Caraibi,Venezuela,Central America,Marina,2010,No,,,
451,Minas Gerais(stato),,,Terra dei cercatori d'oro e d'argento,,Brasile,America Sud,Altro,2010,No,,,
452,Bar Beach,Lagos,,,Golfo di Guinea,Nigeria,Africa,Marina,2010,Si,,,
453,Vulcano EyjafjallajÖkull,,,,,Islanda,Europe,Vulcanica,2010,No,,,
454,Bruges,,,,Oceano Atlantico,Belgio,Europe,Marina,2010,No,,,
455,Urk,,,,Mare del Nord,Olanda,Europe,Marina,2010,No,,,
456,Fiume Passirio Merano  dentro l'acqua,Bolzano,,Trentino Alto Adige,,Italy,Europe,Fluviale,2010,Si poca,,,
457,Eraclea ,Venezia,,Veneto,Mar Adriatico,Italy,Europe,Marina,2010,Si,,,
458,Delfini Beach,Kini,Isola di Syros,Isole Cicladi,Mar Mediterraneo,Grecia,Europe,Marina,2010,Si,,,
459,Ayos Ioannis,,Isola di Mikonos,Isole Cicladi,Mar Mediterraneo,Grecia,Europe,Marina,2010,Si,,,
460,Tinos Xipitinchia,,,Isole Cicladi,Mar Mediterraneo,Grecia,Europe,Marina,2010,Si,,,
461,Agios Stefanos X,,Isola di Andros,Isole Cicladi,Mar Mediterraneo,Grecia,Europe,Marina,2010,Si,,,
462,Torre Mozza,,,Toscana,Mar Tirreno,Italy,Europe,Marina,2010,Si tanta,,,
463,Tzabika,,Isola di Rodi,,Mar Mediterraneo,Grecia,Europe,Marina,2010,Si,,,
464,Agali,,Isola Folegandros,Isole Cicladi,Mar Mediterraneo,Grecia,Europe,Marina,2010,No,,,
465,Folegandros,,Isola Folegandros,Isole Cicladi,Mar Mediterraneo,Grecia,Europe,Marina,2010,No,,,
466,Apollonas,,Isola di Naxos,Isole Cicladi,Mar Mediterraneo,Grecia,Europe,Marina,2010,No,,,
467,Red Lake,,Isola di Naxos,Isole Cicladi,Mar Mediterraneo,Grecia,Europe,Marina,2010,No,,,
468,Panormos,,Isola di Naxos,Isole Cicladi,Mar Mediterraneo,Grecia,Europe,Marina,2010,No,,,
469,Glyfada X,,Isola di Naxos,Isole Cicladi,Mar Mediterraneo,Grecia,Europe,Marina,2010,No,,,
470,Naxos,,Isola di Naxos,Isole Cicladi,Mar Mediterraneo,Grecia,Europe,Marina,2010,No,,,
471,Kalantho,,Isola di Naxos,Isole Cicladi,Mar Mediterraneo,Grecia,Europe,Marina,2010,No,,,
472,Aliko,,Isola di Naxos,Isole Cicladi,Mar Mediterraneo,Grecia,Europe,Marina,2010,No,,,
473,Fiume Passirio Merano fuori dell'acqua X,Bolzano,,Trentino Alto Adige,,Italy,Europe,Fluviale,2010,No,,,
474,Foce dell'Adige Cavanella d'Adige X,Chioggia-Venezia,,Veneto,Mar Adriatico,Italy,Europe,Marina-Fluviale,2010,Si poca,,,
475, Uroa  Beach,,Isola Zanzibar,,Oceano Indiano,Tanzania,Africa,Marina,2010,No,,,
476,Marsa Alam,,,,Mar Rosso,Egitto,Africa,Marina,2011,No,,,
477,Namib  Duna 45 (2),,,,Deserto,SudAfrica,Africa,Eolica-Desertica,2011,No,,,
478,Scalea,Cosenza,,Calabria,Mar Tirreno,Italy,Europe,Marina,2011,Si,,,
479,Fiume Piave Roncadelle,Treviso,,Veneto,,Italy,Europe,Fluviale,2011,No,,,
480,Sharm el Sheik Village Eden,,,,Mar Rosso,Egitto,Africa,Marina,2011,No,,,
481,Marina di Pisa,Pisa,,Toscana,Mar Tirreno,Italy,Europe,Marina,2011,Si,,,
482,Pesaro,Pesaro - Urbino,,Marche,Mar Adriatico,Italy,Europe,Marina,2011,Si,,,
483,Crotone,Crotone KR,,Calabria,Mar Ionio,Italy,Europe,Marina,2011,Si,,,
484,Duna di Maspalomas Gran Canarie,,Canarie,,Oceano Atlantico,Spain,Africa,Vulcanica,2011,No,,,
485,Etna eruzione 8/2011,,Catania,Sicilia,,Italy,Europe,Vulcanica,2011,Si,,,
486,Capo Pertusato,Bonifacio,,Corsica,Mar Adriatico,France,Europe,Marina,2011,Si,,,
487,Spiaggia Nera Nonza,,,Corsica,Mar Adriatico,France,Europe,Marina,2011,Si,,,
488,Punta Secca (Spiaggia Montalbano),,Ragusa,Sicilia,Mar Mediterraneo,Italy,Europe,Marina,2011,No,,,
489,Saline el Golfo (nera),Lanzarote,Isole Canarie,,Oceano Atlantico,Spain,Europe,Marina,2011,No,,,
490,Playa Fanabè Costa Adeje,Tenerife,Isole Canarie,,Oceano Atlantico,Spain,Europe,Marina,2011,No,,,
491,Santo Domingo,,Caraibi,Santo Domingo,Mar dei Caraibi,Repubblica Dominicana,Central America,Marina,2011,No,,,
492,Anguillara Sabazia Lago di Bracciano,Roma ,,Lazio,,Italy,Europe,Lacustre,2011,No,,,
493,Budir ,,,Penisola di Snaefellsnes,Mar di Norvegia,Islanda,Europe,Marina,2011,No,,,
494,Latravik/Hvallatur,,,Fiordo N/O ,Canale di Danimarca,Islanda,Europe,Marina,2011,No,,,
495,Okarjodur/Rifos,,,Da Siberia dopo 4-5 anni,Mar Glaciale Artico,Islanda,Europe,Marina,2011,No,,,
496,Lago Myvatn,Dimmuborgir,,,,Islanda,Europe,Fluviale,2011,No,,,
497,Mar Morto  (2),,,,Mar Morto,Israele,Asia,Lacustre,2011,No,,,
498,Panarea,Messina,Isole Eolie,Sicilia,Mar Tirreno,Italy,Europe,Marina,2011,No,,,
499,Portorose,,,Carsico - litoranea,Mar Adriatico,Slovenia,Europe,Marina,2011,Si,,,
500,Agios Kiovra,,Isola di Leros,Egeo Meridionale,Mar Mediterraneo,Grecia,Europe,Marina,2011,No,,,
501,Patmos,,Isola di Patmos,Egeo Meridionale,Mar Mediterraneo,Grecia,Europe,Marina,2011,No,,,
502,Sant'Elena,,Isola di Lipsi,Egeo Meridionale,Mar Mediterraneo,Grecia,Europe,Marina,2011,No,,,
503,Psilli Ammos,,Isola di Patmos,Egeo Meridionale,Mar Mediterraneo,Grecia,Europe,Marina,2011,No,,,
504,Carbonaxa,Cagliari,,Sardegna,Mar Tirreno,Italy,Europe,Marina,2011,No,,,
505,Tharros,Oristano,,Sardegna,Mar Tirreno,Italy,Europe,Marina,2011,No,,,
506,Is Arutas (sotto),Oristano,,Sardegna,Mar Tirreno,Italy,Europe,Marina,2011,No,,,
507,Dune du Pilat,Gironda,,Aquitania,Oceano Atlantico,France,Europe,Marina,2005,Si,,,
508,Orzola,Lanzarote,Isole Canarie,,Oceano Atlantico,Spain,Europe,Marina,2011,No,,,
509,Playa de Jandia,Fuerteventura,Isole Canarie,,Oceano Atlantico,Spain,Africa,Marina ,2011,No,,,
510,Isola la Graciosa,Lanzarote,Isole Canarie,,Oceano Atlantico,Spain,Europe,Marina,2011,No,,,
511,Atollo di Suvadiva,,Maldive,,Oceano Indiano,Repubblica delle Maldive,Asia,Marina,2012,No,,,
512, S.Benedetto del Tronto,Ascoli Piceno,,Marche,Mar Adriatico,Italy,Europe,Marina,2012,Si,,,
513,Gran Tarasal,Fuerteventura,Isole Canarie,,Oceano Atlantico,Spain,Africa,Marina ,2011,No,,,
514,Larchant (vicino fontanbleu),Parigi,,,Fiume Senna,France,Europe,Fluviale,2012,No,,,
515,Cozumel,,,Quintana Roo,Mar dei Caraibi,Mexico,Central America,Marina,2012,No,,,
516,Tsarabanjina,,Isola a Nord,,Oceano Indiano,Madagascar,Africa,Marina,2012,No,,,
517,Isola Mauritius  (2),,Mauritius,,Oceano Indiano,Repubblica di Mauritius,Africa,Marina,2012,No,,,
518,Mastichari,,Isola di Kos,,Mar Mediterraneo,Grecia,Europe,Marina,2012,No,,,
519,Cap Frehel,Plevenon,,Bretagna,Mar Baltico,France,Europe,Marina,2012,No,,,
520,Douarnenez,Finistère,,Bretagna,Mar Baltico,France,Europe,Marina,2012,Si,,,
521,Crozon,Finistère,,Bretagna,Oceano Atlantico,France,Europe,Marina,2012,Si,,,
522,Sainte Marie du Mont,Manica,,Bassa Normandia,Oceano Atlantico,France,Europe,Marina,2012,Si,,,
523,Saint Luren sur mer,Calvados,,Bassa Normandia,Oceano Atlatico,France,Europe,Marina,2012,Si,,,
524,Arromanches les Bains,Calvados,,Bassa Normandia,Mar Baltico,France,Europe,Marina,2012,Si,,,
525,Pointe de Penhir,Finistère,,Bretagna,Oceano Atlantico,France,Europe,Marina,2012,Si,,,
526,Isola delle femmine,Palermo,,Sicilia,Mar Tirreno,Italy,Europe,Marina,2012,No,,,
527,Sciato,,Isola di Skiathos,Sporadi,Mar Egeo,Grecia,Europe,Marina,2012,No,,,
528,KouKouNaries,,Isola di Skiathos,Sporadi,Mar Egeo,Grecia,Europe,Marina,2012,No,,,
529,Kastani,,Isola di Skopelos,Sporadi,Mar Egeo,Grecia,Europe,Marina,2012,No,,,
530,San Lorenzo vieste,Foggia,,Puglia,Mar Adriatico,Italy,Europe,Marina,2012,No,,,
531,Porto San Giorgio,Macerata,,Marche,Mar Adriatico,Italy,Europe,Marina,2012,No,,,
532,Tavolara,Olbia - Tempio,,Sardegna,Mar Tirreno,Italy,Europe,Marina,2012,No,,,
533,Warwick,,Bermuda,,Oceano Atlantico,Gran Bretagna,USA,Marina,2012,No,,,
534,Vagator,,,Goa,Oceano Indiano,India,Asia,Marina,2012,No,,,
535,Arambol,,,Goa,Oceano Indiano,India,Asia,Marina,2012,No,,,
536,Falerna,Catanzaro,,Calabria,Mar Tirreno,Italy,Europe,Marina,2013,No,,,
537,Achill  Isle,,,Connacht,Oceano Atlantico,Irlanda,Europe,Marina,2013,No,,,
538,Easky,Sligo,,Connacht,Oceano Atlantico,Irlanda,Europe,Marina,2013,No,,,
539,Sligo Spiaggia,,,Connacht,Oceano Atlantico,Irlanda,Europe,Marina,2013,No,,,
540,Sligo dune,,,Connacht,Oceano Atlantico,Irlanda,Europe,Marina,2013,No,,,
541,Tab,Sligo,,Connacht,Oceano Atlantico,Irlanda,Europe,Marina,2013,No,,,
542,Balai spiaggia,Sassari,,Sardegna,Mar Tirreno,Italy,Europe,Marina,2013,No,,,
543,Ibiza 2,,Baleari,,Mare Mediterraneo,Spain,Europe,Marina,2013,No,,,
544,Sale rosa cristallino dell'Himalaya,miniera ,,Punjab,,Pakistan,Asia,,2012,No,,,
546,Agua de Alto,Isola San Miguel,Azzorre,,Oceano Atlantico,Portogallo,Europe,Marina,2013,No,,,
547,Sao Roque (lava),Isola San Miguel,Azzorre,,Oceano Atlantico,Portogallo,Europe,Marina,2013,No,,,
548,Playa Pilar,,,,Oceano Atlantico,Cuba,Central America,Marina,2018,Si tanta,,,
549,Porto Seguro ,,,Bahia,Oceano Atlantico ,Brasile,America Sud,,2018,No,,,
550,Cahuita Limon,,,Costa Rica,Mar dei Caraibi,,Central America,Marina,2018,Si poca,,,
551,Playa Dantita,,Isole Caraibi,,Oceano Atlantico ,,Central America,Marina,2018,Si,,,
552,Crosskirk,,,Scozia,Mar del Nord,Regno Unito,Europe,Marina,2018,No,,,
553,Maldive ,,Isole Maldive,,Oceano Indiano,India,Asia,Marina,2004,No,,,
554,La Cicciola Santa Teresa di Gallura,Sassari,,Sardegna, Mare Mediterraneo,Italy,Europe,Marina,2014,No,,,
555,Fihalholi,,Maldive,,Oceano Indiano,Repubblica delle Maldive,Asia,Marina,2018,No,,,
556,Golfo di Procchio,Livorno,Isola D'Elba,Toscana,Mar Tirreno,Italy,Europe,Marina,2018,Si tanta,,,
557,Cavo Rio nell'Elba,Livorno,Isola D'Elba,Toscana,Mar Tirreno,Italy,Europe,Marina,2018,Si poca,,,
558,Marciana Marina(sotto),Livorno,Isola D'Elba,Toscana,Mar Tirreno,Italy,Europe,Marina,2018,Si poca,,,
559,Marciana Marina(sopra),Livorno,Isola D'Elba,Toscana,Mar Tirreno,Italy,Europe,Marina,2018,Si,,,
560,Terra Nera,Livorno,Isola D'Elba,Toscana,Mar Tirreno,Italy,Europe,Marina,2018,Si poca,,,
561,Parco Costiero di Rutigliano,Livorno,Isola D'Elba,Toscana,Mar Tirreno,Italy,Europe,Marina,2018,Si,,,
562,Porto Azzurro,Livorno,Isola D'Elba,Toscana,Mar Tirreno,Italy,Europe,Marina,2018,Si,,,
563,Madonna delle Grazie (Capolivieri),Livorno,Isola D'Elba,Toscana,Mar Tirreno,Italy,Europe,Marina,2018,Si poca,,,
564,Barbarossa ,Livorno,Isola D'Elba,Toscana,Mar Tirreno,Italy,Europe,Marina,2018,Si,,,
565,Capo D'Enfola Sud Portoferraio,Livorno,Isola D'Elba,Toscana,Mar Tirreno,Italy,Europe,Marina,2018,Si poca,,,
566,Cala Seregola(verso mare),Livorno,Isola D'Elba,Toscana,Mar Tirreno,Italy,Europe,Marina,2018,Si,,,
567,Le Ghiaie Capo Bianco(porto ferraio),Livorno,Isola D'Elba,Toscana,Mar Tirreno,Italy,Europe,Marina,2018,Si,,,
568,Cala Seregola(verso terra),Livorno,Isola D'Elba,Toscana,Mar Tirreno,Italy,Europe,Marina,2018,Si,,,
569,Spiaggia Reale (1),Livorno,Isola D'Elba,Toscana,Mar Tirreno,Italy,Europe,Marina,2018,Si,,,
570,Spiaggia Reale (2),Livorno,Isola D'Elba,Toscana,Mar Tirreno,Italy,Europe,Marina,2018,Si,,,
571,Rio Marina,Livorno,Isola D'Elba,Toscana,Mar Tirreno,Italy,Europe,Marina,2018,Si poca,,,
572,Sansone(portoferraio),Livorno,Isola D'Elba,Toscana,Mar Tirreno,Italy,Europe,Marina,2018,Si poca,,,
573,Morcone Capoliveri,Livorno,Isola D'Elba,Toscana,Mar Tirreno,Italy,Europe,Marina,2018,Si poca,,,
574,Innamorata Capoliveri,Livorno,Isola D'Elba,Toscana,Mar Tirreno,Italy,Europe,Marina,2018,Si poca,,,
575,Baia di Frugoso,Livorno,Isola D'Elba,Toscana,Mar Tirreno,Italy,Europe,Marina,2018,Si,,,
576,Lancona Capoliveri,Livorno,Isola D'Elba,Toscana,Mar Tirreno,Italy,Europe,Marina,2018,Si,,,
577,Capo D'Enfola Nord Portoferraio,Livorno,Isola D'Elba,Toscana,Mar Tirreno,Italy,Europe,Marina,2018,Si poca,,,
578,Pellestrina,Venezia,,Veneto,Mar Adriatico,Italy,Europe,Marina-Fluviale,2018,Si poca,,,
579,Jesolo,Venezia,,Veneto,Mar Adriatico,Italy,Europe,Marina,1999,No,,,
580,"Cala Domestica, Buggerru",Carbonia-Iglesias,,Sardegna,Mare Mediterraneo,Italy,Europe,Marina,,No,,,
581,Porticciolo di Buzzerru,Carbonia-Iglesias,,Sardegna,Mare Mediterraneo,Italy,Europe,Marina,,No,,,
582,"Punta Bacucco, Chioggia",Venezia,,Veneto,Mare Adriatico,Italy,Europe,Marina,2018,No,,,
583,Is Arenas,Cagliari,,Sardegna,"Stagno di Cagliari, Mare Mediterraneo",Italy,Europe,Marina,,No,,,
584,Torre Mozza,Lecce,,Puglia,Mar Ionio,Italy,Europe,Marina,2013,No,,,
585,Cala delle Arene,Foggia,"San Domino, isole Tremiti",Puglia,Mare Adriatico,Italy,Europe,Marina,2015,No,,,
586,Pointe d'Agon,,,Normandia,La Manica,France,Europe,Marina,1998,No,,,
587,Ile de Brèhat,,Arcipelago Ile  de Brehat,Bretagna,La Manica,France,Europe,Marina,1998,No,,,
588,Merville-Franceville,,,Normandia,La Manica,France,Europe,Marina,1998,No,,,
589,Dune di Wissant,,,,Mare del Nord,France,Europe,Marina,2000,No,,,
590,Isola di Chausey,,Chausey,Normandia,La Manica,France,Europe,Marina,2000,No,,,
591,Isola di Fourni,,Fourni,,Mare Egeo,Grecia,Europe,Marina,2015,No,,,
592,Perissa,,Cicladi,,Mare Egeo,Grecia,Europe,Marina,2001,No,Ha tanta magnetite,,
593,Potokaki,,Samos,,Mare Egeo,Grecia,Europe,Marina,2013,No,,,
594,"Tarabya, Bosforo",,,,Stretto del Bosforo,Turchia,Europe,Marina,1992,No,,,
595,Puerto Lopez Mateos,,,Bassa California del Sud,Oceano Pacifico,Messico,America Nord,Marina,1998,No,,,
596,"Xpu Ha, Puerto Aventuras",,,Quintana Roo,Mar dei Caraibi,Messico,America Centrale,Marina,1998,No,,,
597,"Xcaret, Yucatan",,,,Mar dei Caraibi,Messico,America Centrale,Marina,2002,No,,,
598,"Garden Bay, isola di Tortola",,Isole Vergini Britanniche,,Mar delle Antille,Regno Unito,America Centrale,Marina,2001,No,,,
599,Holoholokai beach,,Big Island Hawaii,,Oceano Pacifico,,USA,Marina,2013,No," Molto bella, ricca di bioclasti (aculei di ricci di mare, conchiglie…)",,
600,Cattoro,Umago,,,Mare Mediterraneo,Croazia,Europe,Marina,2000,No,,,
601,Bilbao,,,,Oceano Atlantico,Spain,Europe,Marina,1998,No,,,
602,"Cala Pola, Tossa de Mar, Costa Brava",Girona,,,Mar Mediterraneo,Spain,Europe,Marina,2004,No,,,
603,"Pineda de Mar, Catalogna",,,,Mare Mediterraneo,Spain,Europe,Marina,2000,No,,,
604,Santander,,,,Oceano Atlantico,Spain,Europe,Marina,1999,No,,,
605,Catoira,Galizia,,,Fiume Ulla,Spain,Europe,Fluviale,2002,No,,,
606,Sanxenxo,Galizia,,,Oceano Atlantico,Spain,Europe,Marina,2002,No,,,
607,"Lloret de Mar, Costa Brava",,,Barcellona,Mar Mediterraneo,Spagna,Europe,Marina,1999,Sì,,,
608,"Ksar Ghilane, Grande Erg Orientale",,,,,Tunisia,Africa,Desertica,1992,No,Colore rosso,,
609,"El Kantaoui, Sousse",,,,Mar Mediterraneo,Tunisia,Africa,Marina,2002,No,,,
610,Grande Côte  ,,,,Oceano Atlantico,Senegal,Africa,Marina,2004,No,,,
611,Cap Skirring,,,,Oceano Atlantico,Senegal,Africa,Marina,2004,No,,,
612,"Saly, Petite Côte ",,,,Oceano Atlantico,Senegal,Africa,Marina,2004,,,,
613,Sossusveli dune,,,,,Namibia,Africa,Desertica,1998,No,,,
614,Playa Cazonal,Santiago,,,Mar dei Caraibi,Cuba,America Centrale,Marina,2000,No,,,
615,Baconao,,,,Mar dei Caraibi,Cuba,America Centrale,Marina,2000,No,,,
616,Playa de ses Illetes 2,Formentera,Baleari,,Mar Mediterraneo,Spain,Europe,Marina,1998,No,,,
617,Valle dei Re,Luxor,,,,Egitto,Africa,Desertica,1999,No,,,
618,Marsa Alan,,,,Mar Rosso,Egitto,Africa,Marina,2002,No,,,
619,Dongwe,,Arcipelago di Zanzibar,,Oceano Indiano,Tanzania,Africa,Marina,1998,No,,,
620,"Kiwengwa, Bravo Club, Unguja",,Arcipelago di Zanzibar,,Oceano Indiano,Tanzania,Africa,Marina,1999,No,,,
621,Oasi di Huacachina,Ica,,,,Perù,America Sud,Desertica,2002,No,,,
622,Isola del Coco,,Coco,,Oceano Pacifico,Costa Rica,America Centrale,Marina,1999,No,,,
623,St. Lucia,,,,Oceano Indiano,,Sudafrica,Marina,2003,No,,,
624,Lungo mare Villa Comunale,Napoli,,Campania,Mare Tirreno,Italy,Europe,Marina,2014,No,,,
625,Castellamare del Golfo,Trapani,,Sicilia,Mar Mediterraneo,Italy,Europe,Marina,2003,No,,,
626,Saline di Trapani,Trapani,,Sicilia,Mar Mediterraneo,Italy,Europe,Marina,2003,No,,,
627,Marsala,Trapani,,Sicilia,Mar Mediterraneo,Italy,Europe,Marina,2003,No,,,
628,Porto Venere,La Spezia,,Liguria,Mar Ligure,Italy,Europe,Marina,2005,No,,,
629,Lerici,La Spezia,,Liguria,Mar Ligure,Italy,Europe,Marina,2004,No,,,
630,"Isola Grand Cayman, Seven Miles beach",,Isole Cayman,,Mar dei Caraibi,,America del Nord,Marina,2000,No,,,
631,Castiglione della Pescaia,Grosseto,,Toscana,Mar Tirreno,Italy,Europe,Marina,2004,No,,,
632,Campese,Grosseto,Isola del Giglio,Toscana,Mar Tirreno,Italy,Europe,Marina,1999,No,,,
633,"Diamante, loc. Cirella",Cosenza,,Calabria,Mar Tirreno,Italy,Europe,Marina,2001,No,,,
634,Sibari,Cosenza,,Calabria,Mar  Ionio,Italy,Europe,Marina,2001,No,,,
635,Copanello,Catanzaro,,Calabria,Mar Ionio,Italy,Europe,Marina,1994,No,,,
636,Paralimni,Protara,,,Mare Mediterraneo,Cipro,Europe,Marina,2004,No,,,
637,"Loc. Fratte, isola di Capo Rizzuto",Crotone ,,Calabria,Mar Ionio,Italy,Europe,Marina,2001,No,,,
638,Lago di Garda  (Sirmione),Brescia,,Lombardia,,Italy,Europe,Lacustre,2017,No,,,
639,Marina Grande ,Napoli ,Capri,Campania,Mar Tirreno,Italy,Europe,Marina,,No,,,
640,Marina Grande (Sorrento),Napoli ,,Campania,Mar Tirreno,Italy,Europe,Marina,2016,Si,,,
641,Marina Piccola (Sorrento),Napoli ,,Campania,Mar Tirreno,Italy,Europe,Marina,2016,No,,,
642,Parco Lambioi,Belluno,,Veneto,Fiume Piave,Italy,Europe,Fluviale,2017,No,,,
643,Da Nang,,,,Mar Cinese Meridionale,Vietnam,Asia,Marina,2017,Si,,,
644,Mandal,,,,Mare del Nord,Norvegia,Europe,Marina,2018,si poca,,,
645,Vikhog Malmo,,,,Mare del Nord,Svezia,Europe,Marina,2018,Si poca,,"68.2762, 14.30207",
646,Skibotn,,,,Mar di Norvegia,Norvegia,Europe,Marina,2018,No,,,
647,Andalsnes,,,,Fiume Rauma,Norvegia,Europe,Fluviale,2018,No,,,
648,Ramberg,,Flakstadoya (Arcipelago Lofoten),,Mar di Norvegia,Norvegia,Europe,Marina,2018,Si,,13.245.794,
649,Preikestolen campig,Jorpeland,,,Mare del Nord,Norvegia,Europe,Marina,2018,No,,"58.997948, 6.039861",
650,,,Hinnøya ,,Mar di Norvegia,Norvegia,Europe,Marina,2018,No,,"68.562762, 16.433278",
651,Porsangerfjorden,,,,Mar di Norvegia,Norvegia,Europe,Marina,2018,No,,"68.562762, 16.433278",
652,Kafjord,,,,Mar di Norvegia,Norvegia,Europe,Marina,2018,No,,"55.73304, 12.95827",
653,Cala Mesquida,,Baleari,,Mare Mediterraneo ,Spain,Europe,Marina,2018,No,,,
654,Playa Formentor,,Maiorca,,Mare Mediterraneo ,Spain,Europe,Marina,2018,Si ,,,
655,Artic Circle Center 66°33' N,,,,,Norvegia,Europe,,2018,Si,,"68.098482, 13.245791",
656,Skagsanden beach,,Flakstadoya (Arcipelago Lofoten),,Mar di Norvegia,Norvegia,Europe,Marina,2018,Si,,"66.550482, 15.319221",
657,,,Flakstadoya (Arcipelago Lofoten),,Mar di Norvegia,Norvegia,Europe,Marina,2018,Si,,"68.103347, 13.284823",
658,Rystad,,Austvagoy (Arcipelago Lofoten),,Mar di Norvegia,Norvegia,Europe,Marina,2018,Si,Da questa spiaggia si può vedere sia il sole di mezzanotte che l'aurora boreale!!,,
659,Klubbensborg,Stoccolma,,,Mar Baltico,Svezia,Europe,Marina,2018,No,,"70.870160, 25.820488",
660,Cape Cross 1,,,,Oceano Atlantico,Namibia,Africa,Marina,2004,No,,,
661,Lido di Metaponto,Matera ,,Basilicata,Mar Ionio,Italy,Europe,Marina,2018,No,,40.35732  16.832620,
662,Cabo San Luca,,,Punta estrema della Bassa California,Oceano Pacifico,Messico,America Centrale,Marina,1998,Sì,,,
663,Las Galeras,,,,Oceano Atlantico,Repubblica Dominicana,America Centrale,Marina,1994,No,,,
664,Sosua,,,,Oceano Atlantico,Repubblica Dominicana,America Centrale,Marina,1994,No,,,
665,Manaus,,,,Rio Negro,Brasile,America Sud,Fluviale,2002,No,,,
666,Copacabana,Rio de Janeiro,,,Oceano Atlantico,Brasile,America Sud,Marina,2002,Sì,,,
667,Lago Balaton,,,,,Ungheria,Europe,Lacustre,1994,No,,,
668,Tel Aviv,,,,Mar Mediterraneo,Israele,Asia,Marina,1986,No,,,
669,Sidone,,,,Mar Mediterraneo,Libano,Asia,Marina,2018,No,,,
670,Tiro,Beirut,,,Mar Mediterraneo,Libano,Asia,Marina,1995,No,,,
671,Playa del Carmen,Yucatan,,,Mar dei Caraibi,Messico,America Centrale,Marina,1998,No,,,
672,Loreto,,,,Mare di Cortezo Golfo di California,Messico,America Centrale,Marina,1998,No,,,
673,Playa Dorada,,,,Oceano Atlantico,Repubblica Dominicana,America Centrale,Marina,1994,No,,,
674,Punta Cana,,,,Oceano Atlantico,Repubblica Dominicana,America Centrale,Marina,1995,No,,,
675,Playa Coson,Las Terrenas,,,Oceano Atlantico,Repubblica Dominicana,America Centrale,Marina,1999,No,,,
676,"As-Sab’atayn, Deserto di Ramlat",,,,,Yemen,Asia,Desertica,2001,No,,,
677,"Al- Khali, Deserto di Ar-ruba",,,,,Yemen,Asia,Desertica,2001,No,,,
678,Tulum,Yucatan,,Quintana Roo,Mar dei Caraibi,Messico,America Centrale,Marina,1998,No,,,
679,Al-Khokha,,,,Mar Rosso,Yemen,Asia,Marina,2001,No,,,
680,Navagio Bay,,Isola di Zante o Zacinto,,Mar Mediterraneo,Grecia,Europe,Marina,1999,No,,,
681,Spiaggia di Vai,,Creta,,Mar Mediterraneo,Grecia,Europe,Marina,2000,No,,,
682,,,"Isola di Itaca, isole Ionie",,Mar Ionio,Grecia,Europe,Marina,1998,No,,,
683,,,"Isola di Paros, Cicladi",, Mar Egeo,Grecia,Europe,Marina,1996,No,,,
684,Pirgaki,,"Naxos, Cicladi",,Mar Egeo,Grecia,Europe,Marina,1996,No,,,
685,Spiaggia di Preveli,,Creta,,Mar Mediterraneo,Grecia,Europe,Marina,2000,No,,,
686,,,Isola di Kos o Coo,Dodecaneso,Mar Mediterraneo,Grecia,Europe,Marina,1999,No,,,
687,Malia,,Isola di Creta,,Mar Mediterraneo,Grecia,Europe,Marina,2000,No,,,
688,Spiaggia di Ornos,,"Mikonos, Cicladi",,Mar Egeo,Grecia,Europe,Marina,1996,No,,,
689,Anavesos o Anavyssos,,,,Mar Mediterraneo,Grecia,Europe,Marina,,No,,,
690,Puerto Santa Maria,Cadice,,,Oceano Atlantico,Spagna,Europe,Marina,1991,No,,,
691,Puerto Plata,Santo Domingo,,,Mar dei caraibi,Repubblica Dominicana,America centrale,Marina,2003,No,,,
692,Isola di Spargi 2,Olbia Tempio,Arcipelago della Maddalena,Sardegna,Mar Tirreno,Italy,Europe,Marina,1996,No,,,
693,Rodi Garganico,Foggia,,Puglia ,Mar Adriatico,Italy,Europe,Marina,2004,No,,,
694,"Liscia Ruja, Arzachena",Olbia Tempio,,Sardegna,Mar Tirreno,Italy,Europe,Marina,2001,No,,,
695,Riposto loc. S. Anna,Catania,,Sicilia,Mar Mediterraneo,Italy,Europe,Marina,1999,No,,,
696,Isola Santa Maria,Olbia Tempio,Arcipelago della Maddalena,Sardegna,Mar Tirreno,Italy,Europe,Marina,2001,No,,,
697,Porto Cervo,Olbia Tempio,,Sardegna,Mar Tirreno,Italy,Europe,Marina,1996,No,,,
698,Isola di Spargi 3,Olbia Tempio,Arcipelago della Maddalena,Sardegna,Mar Tirreno,Italy,Europe,Marina,2001,No,,,
699,,Olbia Tempio,Isola dei Gabbiani,Sardegna,Mar Tirreno,Italy,Europe,Marina,2001,No,,,
700,Mar Grande di Taranto,Taranto,,Puglia,Mar Ionio,Italy,Europe,Marina,1991,No,,,
701,Otranto,Lecce,,Puglia,Mar Adriatico,Italy,Europe,Marina,2004,No,,,
702,Cala Ginepro,Nuoro,,Sardegna,Mar Tirreno,Italy,Europe,Marina,1994,No,,,
703,Torremolinos,,,,Mare di Alboran (Mar Mediterraneo),Spain,Europe,Marina,,No,,,
704,Sabbione conchiglifero,Venezia,Mazzorbo,Veneto,Laguna di Venezia,Italy,Europe,Lagunare,,No,,,
705,Salvador de Bahia,,,,Oceano Atlantico,Brasile,America del Sud,Marina,,No,,,
706,Sulina,,,,Delta del Danubio,Romania,Europe,Fluviale,,No,,,
707,Dune di Merzouga,,,,Deserto del Sahara,Marocco,Africa,Desertica,1999,No,,,
708,"Palombaggia, Porto Vecchio",,,Corsica,Mar Tirreno,Francia,Europe,Marina,2009,No,,,
709,Sa Rocca Tunda,Oristano,,Sardegna,Mar di Sardegna,Italy,Europe,Marina,,No,,,
710,Ladakh,,,,Fiume Indo,India,Asia,Fluviale,,No,,,
711,Kiwengwa,,Zanzibar,,Oceano Indiano,Tanzania,Africa,Marina,2016,No,,,
712,Santa Severa,Roma,,Lazio,Mar Tirreno,Italy,Europe,Marina,,Si poca,,,
713,"Paso de los Alemanes, Baracoa",Guantanamo,,,Oceano Atlantico,Cuba,America Centrale,Marina,,No,Vulcanica,,
714,"Maria la Gorda, Bahìa De Corriente",Pinar Del Rio,,,Mar dei Caraibi,Cuba,America Centrale,Marina,,No,Corallina,,
715,"Playa Ancon, Trinidad",Sancti Spiritus,,,Mar dei Caraibi,Cuba,America Centrale,Marina,,No,Corallina,,
716,Playa Las Salinas,Villa Clara,Cayo Las Brujas,,Oceano Atlantico,Cuba,America Centrale,Marina,,Sì,"Corallina, bella.",,
717,Abu Simbel (Tempio di Ramses),Assuan,,,,Egitto,Africa,Desertica,2008,No,,,
718,Golfo di Kissamos,,Isola di Creta,,Mar Mediterraneo,Grecia,Europe,Marina,1992,No,,,
719,Kalavarda beach,,Rodi ,,Mar Mediterraneo,Grecia,Europe,Marina,2003,No,,,
720,Kolimbya,,Rodi ,,Mare Mediterraneo,Grecia,Europe,Marina,2001,No,,,
721,"Kastro, Skiathos (Sciato)",,Sporadi,,Mar Egeo,Grecia,Europe,Marina,2005,No,,,
722,Lindo mare 1,,Rodi ,,Mar Mediterraneo,Grecia,Europe,Marina,2003,No,,,
723,Lindo 2,,Rodi ,,Mar Mediterraneo,Grecia,Europe,Marina,1997,No,,,
724,Oslo,,,,Mare del Nord,Norvegia,Europe,Marina,2002,,,,
725,,,Flakstadoya (Arcipelago Lofoten),,Mar di Norvegia,Norvegia,Europe,Marina,2002,No,,,
726,Zlatni Rat (Corno d'Oro),,Brac,,Mar Adriatico,Croazia,Europe,Marina,2003,No,,,
727,Trstenica (Orebic),,,Penisola di Peljesac,Mar Adriatico,Croazia,Europe,Marina,2013,No,,,
728,Cascais,Lisbona,,,Oceano Atlantico,Portogallo,Europe,Marina,,No,,,
729,Snekkersten,,,Stretto di Ores,Mar Baltico,Danimarca,Europe,Marina,1985,No,,,
730,El Cabezo,Tenerife,Isole Canarie,,Oceano Atlantico,Spain,Europe,Marina,1999,No,,,
731,Ajuy,Las Palmas,Fuerteventura Isole Canarie,,Oceano Atlantico,Spain,Europe,Marina,2003,No,,,
732,Stoccolma,,,,Mar Baltico,Svezia,Europe,Marina,1997,No,,,
733,Stave,,Isola di Andoya (Arcipelago delle Vesteralen),,Mar di Norvegia,Norvegia,Europe,Marina,2002,No,,,
734,Oasi di Zaafrane,,,,,Tunisia,Africa,Desertica,2002,No,,,
735,Chot el Jerid 1,,,,Lago salato sale,Tunisia,Africa,Lacustre,2002,No,,,
736,Chot el Jerid 2,,,,Lago salato sabbia,Tunisia,Africa,Lacustre,2005,No,,,
737,Djerba 1,,Isola di Djerba,,Mar Mediterraneo,Tunisia,Africa,Marina,2002,No,,,
738,Marina di Gioiosa Ionica,Reggio Calabria,,Calabria,Mar Ionio,Italy,Europe,Marina,2004,No,,,
739,Amalfi,Salerno,,Campania,Mar Tirreno,Italy,Europe,Marina,2000,No,,,
740,Isola di Caprera 1,Olbia Tempio,Arcipelago della Maddalena,Sardegna,Mar Tirreno,Italy,Europe,Marina,2001,No,,,
741,"Acquacalda, Lipari",Messina,Eolie,Sicilia,Mar Tirreno,Italy,Europe,Marina,1993,No,,,
742,Barcellona,,,,Mar Mediterraneo,Spagin,Europe,Marina,2001,Si,,,
743,Isola di Caprera 2,Sassari,Arcipelago della Maddalena,Sardegna,Mar Tirreno,Italy,Europe,Marina,2001,No,,,
744,"Pietra Liscia, Lipari",Messina,Eolie,Sicilia,Mar Tirreno,Italy,Europe,Marina,1993,No,,,
745,Pineto,Teramo,,Abruzzo,Mar Adriatico,Italy,Europe,Marina,1993,No,,,
746,Anzio,Roma ,,Lazio,Mar Tirreno,Italy,Europe,Marina,2000,No,,,
747,Nizza,Costa azzurra,,,Mar Mediterraneo,Francia,Europe,Marina ,2000,No,,,
748,La Croisette,Cannes,,,Mar Mediterraneo,Francia,Europe,Marina,2002,No,,,
749,Saintes Maries da la Mer,,,Camargue,Mare delle Baleari Golfo di Lione,Francia,Europe,Marina,1997,No,,,
750,Sète,,,Occitania,Mar Mediterraneo,Francia,Europe,Marina,1997,No,,,
751,Reykjavik,,,,Oceano Atlantico,Islanda,Europe,Marina,2004,No,,,
752,Grande Erg Occidentale,,,,,Algeria,Africa,Desertica,1986,No,,,
753,Deserto di Kizilkum,A sud di Samarcanda,,,Deserto di Kizilkum,Uzbekistan,Asia,Desertica,2001,No,,,
754,Al Mukalla,,,,Oceano Indiano,Yemen,Asia,Marina,2001,No,,,
755,Cascata di Godafoss,,,,Cascata di Godafoss,Islanda,Europe,Fluviale,2000,No,,,
756,Sozopol,,,,Mar Nero,Bulgaria,Europe,Marina,2003,No,,,
757,Lago di Um el Ma,,,,Deserto del Sahara,Libia,Africa,Desertica,1999,No,,,
758,,,Perenthian,,Mar Cinese Meridionale,Malesia,Asia,Marina,1999,No,,,
759,Deserto della Giudea,,,,Deserto della Giudea,Israele,Asia,Desertica,1995,No,,,
760,Halaveli,,,,Oceano Indiano,Repubblica delle Maldive,Asia,Marina,1996,No,,,
761,Pali,,Nisiros,Dodecaneso,Mar Egeo,Grecia,Europe,Marina,2018,No,,,
762,Novigrad,,,,Mar Adriatico,Croazia,Europe,Marina,2003,,,,
763,Koh Tachai,,Tachai,,Mare delle Andamane,Thailandia,Asia,Marina,2014,No,Una consistenza incredibile!,,
764,Khao Lak,Phang Nga,,,Mare delle Andamane,Thailandia,Asia,Marina,2014,No,,,
765,Cala Guitgia,,Lampedusa,,Mar Mediterraneo,Italy,Europe,Marina,2003,No,,,
766,Hurgada,,,,Mar Rosso,Egitto,Africa,Marina,2018,No,,,
767,Lignano Pineta,Udine,,Friuli Venezia Giulia,Mar Adriatico,Italy,Europe,Marina,,No,,,
768,Porto Frailis,OG (Ogliastra) Nuoro,,Sardegna,Mar Tirreno,Italy,Europe,Marina,1994,No,,,
769,Cala Sisine,Nuoro,,Sardegna,Mar Tirreno,Italy,Europe,Marina,1994,No,,,
770,Spiaggia Castelli,Olbia-Tempio,,Sardegna,Mar Tirreno,Italy,Europe,Marina,1994,No,,,
771,Spiaggia di Cala Spalmatore,Olbia Tempio,Isola della Maddalena,Sardegna,Mar Tirreno,Italy,Europe,Marina,1994,No,,,
772,Cala Biriala,Nuoro,,Sardegna,Mar Tirreno,Italy,Europe,Marina,1994,No,,,
773,Oostende,,,,Mar del Nord,Belgio,Europe,Marina,2008,No,,,
774,Malga Venegiota,Trento,,Trentino Alto Adige,,Italy,Europe,Montana,2018,No,,,
775," Platanias Bay, Skiathos (Sciato)",,Sporadi,,Mar Egeo,Grecia,Europe,Marina ,2005,No,,,
776,Bracciano,Roma,Lazio,,Mar Tirreno,Italy,Europe,Lacustre,,Si,,,
777,Dublino,,,,Mare d'Irlanda,Irlanda,Europe,Marina,31-07-'19,Sì,,"53.353480, -6.164501",
778,Croagh Patrick,Westport,,County Mayo,Ghiaione,Irlanda,Europe,Montana,27-07-'19,No,,,
779,Waterville,,,County Kerry,Oceano Atlantico,Irlanda,Europe,Marina,24-07-'19,Sì,,,
780,Dog's Bay ,Ballyconneely,,Connemara,Oceano Atlantico,Irlanda,Europe,Marina,26-07-'19,Sì,Ricca di SPICOLE (la guida scrive di foraminiferi)!!,,
781,Sant'Antioco,Carbonia-Iglesias,,Sardegna,Mar di Sardegna,Italy,Europe,Marina,1994,No,,,
782,St. Finian's bay,,,Conty Kerry,Oceano Atlantico,Irlanda,Europe,Marina,24-07-'19,Sì,,,
783,Rossbehy o Rossbeigh Beach,,,County Kerry,Oceano Atlantico,Irlanda,Europe,Marina,24-07-'19,Sì poca,,"52.055842, -9.977526",
784,"Derrynane, laguna interna",Caherdaniel,,County Kerry,Oceano Atlantico,Irlanda,Europe,Marina,23-07-'19,Sì,,"51.759326, -10119992",
785,Rath Strand,Caherdaniel,,County Kerry,Oceano Atlantico,Irlanda,Europe,Marina,23-07-'19,No,,"51.754717, -10.102546",
786,O' Carroll's Cove Beach Ring of Kerry,Brackaharagh Caherdaniel,,County Kerry,Oceano Atlantico,Irlanda,Europe,Marina,23-07-'19,No,,"5.759080, -10.080326",
787,Maulin,Aughacasla,,County Kerry,Oceano Atlantico,Irlanda,Europe,Marina,24-07-'19,No,Sabbia del campeggio Caravan park,"52.246532, -9.982611",
788,Plage de Collignon,Cherbourg,,Normandia,La Manica,Francia,Europe,Marina,21-07-'19,Sì,,"49.657109, -1.569162",
789,Bunowen Bay,,,Connemara,Oceano Atlantico,Irlanda,Europe,Marina,26-07-'19,No,,,
790,Inch Beach,,,County Kerry,Oceano Atlantico,Irlanda,Europe,Marina,24-07-'19,Sì,,"52.141459, -9.989049",
791,Newtownabbey,Belfast,,,Mare d'Irlanda,Irlanda del Nord Gran Bretagna,Europe,Marina,29-07-'19,Sì,,,
792,Mannin Bay,,,Connemara,Oceano Atlantico,Irlanda,Europe,Marina,26-07-'19,No,Clasti molto particolari: ooliti??,"53.446405, -10.061306",
793,Derrynane Beach,Caherdaniel,,County Kerry,Oceano Atlantico,Irlanda,Europe,Marina,23-07-'19,No,,,
794,Coumeenoole Beach,,,County Kerry,Oceano Atlantico,Irlanda,Europe,Marina,24-07-'19,Sì,E' il punto più ad Ovest dell'Europa. VENTO PAZZESCO!,"5.110708, -10.466135",
795,Connemara Caravan Camping Park,Gowlaun,,Connemara,Oceano Atlantico,Irlanda,Europe,Marina,26-07-'19,No,,"53.607070, -9.905698",
796,Fishguard,,,,Mare d'Irlanda,Galles           Gran Bretagna,Europe,Marina,05-08-'19,Sì,,"52.001442, -4.989996",
797,Rosslare,,,,Mare d'Irlanda,Irlanda,Europe,Marina,04-08-'19,Sì,,"52.245434, -6.324938",
798,Plage de Greve Blanche,,,,Oceano Atlantico,Francia,Europe,Marina,2005,No,,,
799,Spiaggia di San Giorgio Baia di Birzebbuga,,Malta,,Mar Mediterraneo,,Europe,Marina,2010,No,,,
800,Capo Promontore,Istria,,,Mar Adriatico,Croazia,Europe,Marina,2009,No,,,
801,L'Escala,Girona,,Catalogna,Mare delle Baleari,Spagna,Europe,Marina,2008,No,,,
802,Grado,Gorizia, ,Friuli Venezia Giulia,Mar Adriatico,Italy,Europe,Marina,2019,No,,"45.67491244, 13.38894367",
803,"Omaha beach, Plage du debarquement",,,Normandia,La Manica,Francia,Europe,Marina,2005,No,Sabbia quarzifera,,
804,Unye,,,,Mar Nero,Turchia,Europe,Marina,2010,No,,,
805,Igoumenitsa,,,,Mar Egeo,Grecia,Europe,Marina,2010,No,,,
806,Isola delle Correnti ,Siracusa,,Sicilia,Mar Mediterraneo,Italy,Europe,Marina,2010,No,Vari bioclasti,,
807,Porto di Scauri,Trapani,Pantelleria,Sicilia,Mar Mediterraneo,Italy,Europe,Marina,2008,No,,,
808,Long beach,,Long Island,New York,Oceano Atlantico,USA,America del Nord,Marina,2009,No, Ricca di quarzo.,,
809,Mont Saint Michel,,,Normandia,La Manica,Francia,Europe,Marina,1998,No,Ricca di SPICOLE (la guida scrive di foraminiferi)!!,,
810,Isola di kos , ,,,Kefalos,Grecia,Europe,,2007,No,,,
811,Ru Petorina Malga Ciapela,Belluno,,Veneto,,,Italy,Torrentizia ,2020,No,,"46.425.713,00",11.911.356
812,Lago di Anterselva,Bolzano,,Trentino Alto Adige,,Italy,Europe,Lacustre,2020,,,,
813,Laghetto di Gares Canale D'agordo,Belluno ,,Veneto,,Italy,Europe,Lacustre,2021,No,Ricca di magnetite,46308045,11882770
814,Spiaggia di Mondello,Palermo ,,Sicilia ,Mar Tirreno,Italy,Europe,Marina ,2021,Si ,,,
815,Sant'Irene Torrevecchia Lido di Specchio di Venere,Vibo Valentia,,Calabria,,Italy,Europe,Marina,2022,Si ,,,
816,Praia de Albufeira ,,,,Oceano Atlantico,Portogallo,Europe,Marina,2022,Si,,,
817,Spiaggia San Teodoro Marsala,Trapani ,Sicilia,Sicilia,Mar Mediterraneo,Italy,Europe,Marina,2022,Si,,"37.907140,1212.459349",
818,Crateri Silvestri Etna ,Catania ,Sicilia,Sicilia,,Italy,Europe,Vulcanica,2022,Si,,,
819,Realmonte(spiaggia ad est della scala dei turchi),Agrigento,Sicilia,Sicilia,Mar Mediterraneo,Italy,Europe,Marina,2022,Si,,"37.289261, 13.474719",
820,Porto palo di Capo Passero,Siracusa ,Sicilia,Sicilia,Mar Mediterraneo,Italy,Europe,Marina,2022,Si,,"36.649.174,00",15079666
821,Spiaggia Torre San Teodoro,Marsala ,Trapani,Sicilia,Mar Mediterraneo,Italy,Europe,Marina ,2022,Si,,,
822,Lungomare Dante Alighieri,,Trapani,Sicilia,Mar Mediterraneo,Italy ,Europe,Marina,2022,,,,
823,"Spiaggia di Cala Rossa, Ortigia",Siracusa ,Sicilia ,Sicilia ,Mar Mediterraneo,Italy ,Europe,Marina,2022, No,Molto bella ,"98.124224,12.727214",
824 *,Valan ,,Isola di Mageroya,,Mar di Barents ,Norvegia,Europe ,Marina,2022,No ,,7.100.984.225.894.410,
825 *,Tropical Beach ,,Helsingborg,,Mare del Nord ,Svezia ,Europe ,Marina,2022,No,,"56.044617,12.686810",
826 *,Lago Sandviken ,,Gallivare,,,Svezia ,Europe,Lacustre,2022,No,,"67.137927,20.629308",
827*,Verses ,,,,Mare del Nord,Danimarca,Europe ,Marina,2022,No,,"55.625.147,81",
828,Campo Felice (Miniera di Bauxite),Lucoli ,Aquila,Abruzzo , ,Italy ,Europe,,2023,No,,42.208356 13.420344,
829,Praia Das Paredes da Vitoria,,Pataias ,,Oceano Atlantico,Portogallo ,Europe,Marina,2023,No ,,"39.703364, 9.050852",
830,Cabo  Da Roca ,Lisbona ,,,Oceano Atlantico,Portogallo ,Europe,Marina,2023,No,,"38.780535,-9.498918",
831,Praia Da Adraga,Sintra,,,Oceano Atlantico ,Portogallo,Europe,,2023,No,,"39.802833,-9.484777",
832,Meia Praia Lagos ,,,,Oceano Atlantico ,Portogallo,Europe ,,2023,No,,"37.117898,-8.644167",
833,Praia Do Beliche , Sagres -Algarve,,,Oceano Atlantico ,Portogallo,Europe ,Marina,2023,No,,"37.025003,-8.964004",
834,Playa De Aguilar-Cudillero Asturie,,,,Oceano Atlantico ,Spagna ,Europe,Marina,2023,Si,,"43.554941,-6.118442",
835,"Tarifa, Cadice ",,,Andalusia  ,,Spagna,Europe ,Marina,2023,No,,36.008571-5.608449,#ERROR!
836,Praia Do Pindo Provincia della Coruna,,,Galizia ,Oceano Atlantico,Spagna ,Europe,Marina,2023,Si ,,"42.891078,-9.136984",
837,Praia Pequena Do Rodizio,,,Sintra,Oceano Atlantico,Portogallo,Europe,Marina,2023,Si,,,
838,Praia de Larino,,Muros ,Galizia ,Oceano Atlantico,Spagna ,Europe,Marina,2023,Si,,"42.759560,-9.113415",
839,Bagni San Filippo Castiglione d'Orcia,Siena ,,Toscana,Mar Tirreno,Italy,Europe,Marina,2023,No,,,
840,Etna ,Catania,,Sicilia,,Italy,Europe,Vulcanica,2023,No,,"37.755492,14.971160",
841,Lago Maggiore,,,Lombardia,,Italy,Europe,Lacustre,2023,No,,,
842,Chilaw Beach  Park,Puttalam,Sri Lanka,,Oceano Indiano,Sri Lanka,Asia,Marina,2023,Si,,"7.576550,79.787426",
843,,,,,,,,,,,,,
844,,,,,,,,,,,,,
845,,,,,,,,,,,,,
846,,,,,,,,,,,,,
847,,,,,,,,,,,,,
848,,,,,,,,,,,,,
849,,,,,,,,,,,,,
850,,,,,,,,,,,,,
851,,,,,,,,,,,,,
852,,,,,,,,,,,,,
853,,,,,,,,,,,,,
854,,,,,,,,,,,,,
855,,,,,,,,,,,,,
856,,,,,,,,,,,,,
857,,,,,,,,,,,,,
,,,,,,,,,,,,,
,,,,,,,,,,,,,
,* Lavate e setecciate  ,,,,,,,,,,,,